dataset,sampler,model,ratio,accuracy,precision,recall,f1
abalone.csv,Original,Random Forest,,0.6802232854864434,0.6896930714717758,0.6498862566521117,0.6624799987471942
abalone.csv,Original,XGBoost,,0.671451355661882,0.6774796543819211,0.6474897166936479,0.6581444143967167
abalone.csv,Original,LightGBM,,0.6698564593301436,0.6745637196100439,0.6494806765834752,0.6589253876378882
abalone.csv,smote,Random Forest,0.6,0.6850079744816587,0.6868787435692653,0.6654530473273297,0.6737233293329178
abalone.csv,smote,XGBoost,0.6,0.6650717703349283,0.6638780292264285,0.6511972347898295,0.6565379176887931
abalone.csv,smote,LightGBM,0.6,0.671451355661882,0.6715452943613615,0.6545227424992369,0.6613692176238163
abalone.csv,smote,Random Forest,0.8,0.6786283891547049,0.6756455361521567,0.6665170078559147,0.6704137232578308
abalone.csv,smote,XGBoost,0.8,0.6555023923444976,0.6519260186344041,0.6474518328410829,0.6492823590727457
abalone.csv,smote,LightGBM,0.8,0.6698564593301436,0.6649626698320129,0.6619257337784545,0.6632663029486213
abalone.csv,smote,Random Forest,1.0,0.671451355661882,0.6666807587478969,0.668435071033881,0.6669526619004625
abalone.csv,smote,XGBoost,1.0,0.6515151515151515,0.6466153444009161,0.6440703127159301,0.6450624010936427
abalone.csv,smote,LightGBM,1.0,0.6594896331738437,0.649556691835984,0.6560875460187585,0.6523292478725886
abalone.csv,customsmote,Random Forest,0.6,0.6738437001594896,0.673188909800071,0.6540261371555586,0.661579154244546
abalone.csv,customsmote,XGBoost,0.6,0.6618819776714514,0.6605855739293692,0.6428631288890357,0.6499535804751745
abalone.csv,customsmote,LightGBM,0.6,0.6674641148325359,0.6651738792289804,0.6499690514064859,0.6561973056046472
abalone.csv,customsmote,Random Forest,0.8,0.6594896331738437,0.6566612280141068,0.642773648748915,0.6484696103014813
abalone.csv,customsmote,XGBoost,0.8,0.6515151515151515,0.6479445070980177,0.636604924503076,0.6413636534203909
abalone.csv,customsmote,LightGBM,0.8,0.664274322169059,0.6589593996280844,0.6505717203185446,0.6542246614312502
abalone.csv,customsmote,Random Forest,1.0,0.6754385964912281,0.6701319002688866,0.6682959629959054,0.6687136067283408
abalone.csv,customsmote,XGBoost,1.0,0.645933014354067,0.6375637309649829,0.642230929032004,0.6396630892043736
abalone.csv,customsmote,LightGBM,1.0,0.6578947368421053,0.6501036758615729,0.6529574596309279,0.6512557039427399
abalone.csv,adasyn,Random Forest,1.0,0.6594896331738437,0.6504729742007576,0.6616533004846828,0.6550192015490142
abalone.csv,adasyn,XGBoost,1.0,0.6395534290271132,0.6303665597953677,0.6391964064343294,0.6341522636611108
abalone.csv,adasyn,LightGBM,1.0,0.6403508771929824,0.631185036635078,0.6365922778542187,0.6336388212929421
abalone.csv,borderline,Random Forest,0.6,0.6778309409888357,0.677447902038922,0.6566719639807123,0.6647029419536945
abalone.csv,borderline,XGBoost,0.6,0.6555023923444976,0.6528091687916158,0.637783479988565,0.6439371116623996
abalone.csv,borderline,LightGBM,0.6,0.6499202551834131,0.6461940935613023,0.6361019346415069,0.6404600407656176
abalone.csv,borderline,Random Forest,0.8,0.6682615629984051,0.6650045665827616,0.6535126475157647,0.6584079881199947
abalone.csv,borderline,XGBoost,0.8,0.6594896331738437,0.6551166848005349,0.6509747302617683,0.6528185471287176
abalone.csv,borderline,LightGBM,0.8,0.6467304625199362,0.6421282432740275,0.6350959549183685,0.6382313390492469
abalone.csv,borderline,Random Forest,1.0,0.6730462519936204,0.6640984919088094,0.6675998210703166,0.6657458167416054
abalone.csv,borderline,XGBoost,1.0,0.6515151515151515,0.6432371569317382,0.6477240876539233,0.6452687028228631
abalone.csv,borderline,LightGBM,1.0,0.6499202551834131,0.6429623860316119,0.6391696240957008,0.6409527005676053
balance-scale.csv,Original,Random Forest,,0.8031914893617021,0.573668384879725,0.5944444444444444,0.5803700011077878
balance-scale.csv,Original,XGBoost,,0.8723404255319149,0.6737071172555044,0.6583333333333333,0.6440505137657855
balance-scale.csv,Original,LightGBM,,0.8670212765957447,0.6701388888888888,0.6541666666666667,0.6405180840664711
balance-scale.csv,smote,Random Forest,0.6,0.7712765957446809,0.5715277777777777,0.5717592592592592,0.5669191919191919
balance-scale.csv,smote,XGBoost,0.6,0.8723404255319149,0.6736406619385343,0.6583333333333333,0.6441563977369604
balance-scale.csv,smote,LightGBM,0.6,0.8617021276595744,0.6673364854215919,0.6509259259259259,0.6365610124230815
balance-scale.csv,smote,Random Forest,0.8,0.8138297872340425,0.6107586571504098,0.6171296296296296,0.6091432563548475
balance-scale.csv,smote,XGBoost,0.8,0.8776595744680851,0.7270186335403727,0.6768518518518518,0.6734198930995271
balance-scale.csv,smote,LightGBM,0.8,0.8617021276595744,0.6536439665471924,0.6509259259259259,0.6369709493358652
balance-scale.csv,smote,Random Forest,1.0,0.7978723404255319,0.5753690240141,0.5893518518518518,0.5813017751479289
balance-scale.csv,smote,XGBoost,1.0,0.8829787234042553,0.7304327038010997,0.6805555555555555,0.6772575250836121
balance-scale.csv,smote,LightGBM,1.0,0.8670212765957447,0.6705955334987594,0.6546296296296296,0.6402733301784814
balance-scale.csv,customsmote,Random Forest,0.6,0.776595744680851,0.5764585655890003,0.574537037037037,0.5726282761166482
balance-scale.csv,customsmote,XGBoost,0.6,0.8829787234042553,0.7116747181964573,0.6810185185185186,0.6767147884794943
balance-scale.csv,customsmote,LightGBM,0.6,0.8617021276595744,0.6448592485199951,0.65,0.6372344553302939
balance-scale.csv,customsmote,Random Forest,0.8,0.7925531914893617,0.600925925925926,0.600925925925926,0.5989106753812636
balance-scale.csv,customsmote,XGBoost,0.8,0.8563829787234043,0.6770487264673312,0.6763888888888889,0.6748737373737373
balance-scale.csv,customsmote,LightGBM,0.8,0.8297872340425532,0.6561147186147186,0.6569444444444444,0.655293151743456
balance-scale.csv,customsmote,Random Forest,1.0,0.8031914893617021,0.6641230666717923,0.6671296296296297,0.6624005183593324
balance-scale.csv,customsmote,XGBoost,1.0,0.8563829787234043,0.725807993880283,0.7347222222222222,0.7290885782529531
balance-scale.csv,customsmote,LightGBM,1.0,0.8563829787234043,0.7277777777777779,0.7347222222222222,0.7303670586615122
balance-scale.csv,borderline,Random Forest,0.6,0.7659574468085106,0.5694444444444445,0.5680555555555555,0.5617283950617283
balance-scale.csv,borderline,XGBoost,0.6,0.8617021276595744,0.6673364854215919,0.6509259259259259,0.6365610124230815
balance-scale.csv,borderline,LightGBM,0.6,0.851063829787234,0.6348449382198466,0.6430555555555556,0.6305370478602507
balance-scale.csv,borderline,Random Forest,0.8,0.7712765957446809,0.5715277777777777,0.5717592592592592,0.5669191919191919
balance-scale.csv,borderline,XGBoost,0.8,0.8670212765957447,0.6492753623188406,0.6546296296296296,0.6412144702842377
balance-scale.csv,borderline,LightGBM,0.8,0.8617021276595744,0.6847374847374846,0.6648148148148149,0.6607407407407407
balance-scale.csv,borderline,Random Forest,1.0,0.8031914893617021,0.5758169934640524,0.5939814814814816,0.583641456582633
balance-scale.csv,borderline,XGBoost,1.0,0.8670212765957447,0.6567287784679089,0.6546296296296296,0.6407713821901465
balance-scale.csv,borderline,LightGBM,1.0,0.8457446808510638,0.6274703557312252,0.6393518518518518,0.6274614245609803
cancer-risk-factors.csv,Original,Random Forest,,0.7316666666666667,0.7197588093357683,0.7071479999733717,0.7047613821865887
cancer-risk-factors.csv,Original,XGBoost,,0.74,0.726327746842814,0.7167117746571185,0.7188363689657252
cancer-risk-factors.csv,Original,LightGBM,,0.7483333333333333,0.7352664023235133,0.728564964719767,0.7304393246902168
cancer-risk-factors.csv,smote,Random Forest,0.6,0.7466666666666667,0.7389301890530822,0.724113503311026,0.7219908705920184
cancer-risk-factors.csv,smote,XGBoost,0.6,0.7433333333333333,0.7286731400450124,0.7259164789567161,0.7264409097273419
cancer-risk-factors.csv,smote,LightGBM,0.6,0.7316666666666667,0.7172072461943578,0.7135241982028414,0.714512839959651
cancer-risk-factors.csv,smote,Random Forest,0.8,0.7333333333333333,0.7206185224828858,0.7137130795634792,0.7104494351036265
cancer-risk-factors.csv,smote,XGBoost,0.8,0.735,0.7197830720092326,0.716072092394237,0.7163416822472527
cancer-risk-factors.csv,smote,LightGBM,0.8,0.7383333333333333,0.7253289969878992,0.7200665781613073,0.7217687127207773
cancer-risk-factors.csv,smote,Random Forest,1.0,0.73,0.7201465590484282,0.7134577248916002,0.7105708105831734
cancer-risk-factors.csv,smote,XGBoost,1.0,0.74,0.7222855834898164,0.7217115038284196,0.7207132145168413
cancer-risk-factors.csv,smote,LightGBM,1.0,0.7483333333333333,0.7349006916778,0.7323186868512501,0.7331284328169752
cancer-risk-factors.csv,customsmote,Random Forest,0.6,0.74,0.7277488064071311,0.7173316540364122,0.7155474832820371
cancer-risk-factors.csv,customsmote,XGBoost,0.6,0.735,0.7190686532670229,0.7151897684076878,0.7160128973555339
cancer-risk-factors.csv,customsmote,LightGBM,0.6,0.7366666666666667,0.7217540376933069,0.7159966367914504,0.7175940040303649
cancer-risk-factors.csv,customsmote,Random Forest,0.8,0.74,0.7283990148530457,0.7202066284165309,0.717593568669108
cancer-risk-factors.csv,customsmote,XGBoost,0.8,0.7266666666666667,0.7104072922664124,0.707666034961325,0.7082468168163825
cancer-risk-factors.csv,customsmote,LightGBM,0.8,0.735,0.7184896723971003,0.716001969876731,0.7167446187563389
cancer-risk-factors.csv,customsmote,Random Forest,1.0,0.7433333333333333,0.7291466580443324,0.727977689797484,0.7256135242312061
cancer-risk-factors.csv,customsmote,XGBoost,1.0,0.7383333333333333,0.7220835178220651,0.7169468743508403,0.7179537886180409
cancer-risk-factors.csv,customsmote,LightGBM,1.0,0.7383333333333333,0.7234843391385856,0.7225711691123576,0.7224779017372482
cancer-risk-factors.csv,borderline,Random Forest,0.6,0.7483333333333333,0.7403650177462289,0.7279845440240418,0.7270129735668538
cancer-risk-factors.csv,borderline,XGBoost,0.6,0.7416666666666667,0.729566982590576,0.7219509001734873,0.724077891782609
cancer-risk-factors.csv,borderline,LightGBM,0.6,0.74,0.7274050317795935,0.7200856606287338,0.7219426827470217
cancer-risk-factors.csv,borderline,Random Forest,0.8,0.74,0.7281459578558233,0.7207122403838272,0.719588005654078
cancer-risk-factors.csv,borderline,XGBoost,0.8,0.7416666666666667,0.7260966157286481,0.7191231948284751,0.7203812627556846
cancer-risk-factors.csv,borderline,LightGBM,0.8,0.735,0.72096727878616,0.7168452872742811,0.7182608772327244
cancer-risk-factors.csv,borderline,Random Forest,1.0,0.7366666666666667,0.7224250302050641,0.7191360699437017,0.7171032610598236
cancer-risk-factors.csv,borderline,XGBoost,1.0,0.7416666666666667,0.7265467392822231,0.7245027601596442,0.7241506131249915
cancer-risk-factors.csv,borderline,LightGBM,1.0,0.745,0.7294512793952413,0.7270132098323484,0.7277729025648804
car.csv,Original,Random Forest,,0.9576107899807321,0.8753409221997001,0.9120985415555743,0.890903849787993
car.csv,Original,XGBoost,,0.9788053949903661,0.9065779610194903,0.9311426661649864,0.9168885488034424
car.csv,Original,LightGBM,,0.9826589595375722,0.9180006587615283,0.9422576568539994,0.9289730102236644
car.csv,smote,Random Forest,0.6,0.9614643545279383,0.8837502266422893,0.9273750803602131,0.9003939323088259
car.csv,smote,XGBoost,0.6,0.976878612716763,0.898822463768116,0.9290240220971898,0.9110723712136348
car.csv,smote,LightGBM,0.6,0.9826589595375722,0.9180006587615283,0.9422576568539994,0.9289730102236644
car.csv,smote,Random Forest,0.8,0.9556840077071291,0.8709102007738706,0.9267004283386242,0.8925778607064578
car.csv,smote,XGBoost,0.8,0.976878612716763,0.898822463768116,0.9290240220971898,0.9110723712136348
car.csv,smote,LightGBM,0.8,0.9788053949903661,0.9065779610194903,0.9311426661649864,0.9168885488034424
car.csv,smote,Random Forest,1.0,0.9595375722543352,0.8759752258785359,0.9266767563378667,0.8950502871419472
car.csv,smote,XGBoost,1.0,0.9788053949903661,0.9074275362318841,0.9394406887638564,0.9215413163374536
car.csv,smote,LightGBM,1.0,0.9788053949903661,0.9065779610194903,0.9311426661649864,0.9168885488034424
car.csv,customsmote,Random Forest,0.6,0.953757225433526,0.8590984267149309,0.9037247789367368,0.8762535337003423
car.csv,customsmote,XGBoost,0.6,0.9691714836223507,0.8787824494346234,0.9039534006282631,0.8857018517962724
car.csv,customsmote,LightGBM,0.6,0.9807321772639692,0.908695652173913,0.9318409901873328,0.9182744780863674
car.csv,customsmote,Random Forest,0.8,0.9595375722543352,0.8749865397283876,0.9295173964287672,0.8960267618662949
car.csv,customsmote,XGBoost,0.8,0.9691714836223507,0.8782131961935217,0.9205494458260033,0.8932964002544634
car.csv,customsmote,LightGBM,0.8,0.9807321772639692,0.908695652173913,0.9318409901873328,0.9182744780863674
car.csv,customsmote,Random Forest,1.0,0.953757225433526,0.8618961827177125,0.9038241909574619,0.876668930549538
car.csv,customsmote,XGBoost,1.0,0.9730250481695568,0.8909253774012781,0.9247867339615965,0.9039829875738588
car.csv,customsmote,LightGBM,1.0,0.976878612716763,0.8938360908041555,0.9276037020517396,0.9068458137607074
car.csv,adasyn,Random Forest,0.6,0.9595375722543352,0.8838409096013792,0.9156375056688213,0.8969100321080994
car.csv,adasyn,XGBoost,0.6,0.9788053949903661,0.9065779610194903,0.9311426661649864,0.9168885488034424
car.csv,adasyn,LightGBM,0.6,0.9788053949903661,0.9009582379862701,0.9297223461195362,0.9124579842686278
car.csv,adasyn,Random Forest,0.8,0.9633911368015414,0.8854166666666666,0.9337546845643604,0.906676497393985
car.csv,adasyn,XGBoost,0.8,0.9807321772639692,0.9158829676071055,0.941559332831653,0.9275870809407394
car.csv,adasyn,LightGBM,0.8,0.9788053949903661,0.8991466437833715,0.9297223461195362,0.91251026272578
car.csv,adasyn,Random Forest,1.0,0.9614643545279383,0.8835227272727273,0.9303151324718386,0.9041417495268079
car.csv,adasyn,XGBoost,1.0,0.9807321772639692,0.9158829676071055,0.941559332831653,0.9275870809407394
car.csv,adasyn,LightGBM,1.0,0.9788053949903661,0.8991466437833715,0.9297223461195362,0.91251026272578
car.csv,borderline,Random Forest,0.6,0.9614643545279383,0.8804545454545454,0.9205967898275184,0.899260045306798
car.csv,borderline,XGBoost,0.6,0.9826589595375722,0.9259154351395731,0.9519759994983198,0.9382972186543616
car.csv,borderline,LightGBM,0.6,0.9826589595375722,0.9187958532695375,0.9505556794528696,0.9333902610665797
car.csv,borderline,Random Forest,0.8,0.9576107899807321,0.8749725747737112,0.9053202510228796,0.8895022856806108
car.csv,borderline,XGBoost,0.8,0.9845857418111753,0.9280331262939958,0.9526743235206662,0.9396831479372866
car.csv,borderline,LightGBM,0.8,0.9788053949903661,0.8991466437833715,0.9297223461195362,0.91251026272578
car.csv,borderline,Random Forest,1.0,0.9576107899807321,0.8749725747737112,0.9053202510228796,0.8895022856806108
car.csv,borderline,XGBoost,1.0,0.9788053949903661,0.9149141088796261,0.9491590314081768,0.9311159592041945
car.csv,borderline,LightGBM,1.0,0.976878612716763,0.8903578299345902,0.9276037020517396,0.906926406926407
cleveland_0_vs_4.csv,Original,Random Forest,,0.9615384615384616,0.74,0.74,0.74
cleveland_0_vs_4.csv,Original,XGBoost,,0.9807692307692307,0.8333333333333333,0.99,0.8949494949494949
cleveland_0_vs_4.csv,Original,LightGBM,,0.9615384615384616,0.75,0.98,0.8231292517006803
cleveland_0_vs_4.csv,smote,Random Forest,0.6,0.9615384615384616,0.4807692307692308,0.5,0.49019607843137253
cleveland_0_vs_4.csv,smote,XGBoost,0.6,0.9615384615384616,0.74,0.74,0.74
cleveland_0_vs_4.csv,smote,LightGBM,0.6,0.9807692307692307,0.8333333333333333,0.99,0.8949494949494949
cleveland_0_vs_4.csv,smote,Random Forest,0.8,0.9615384615384616,0.4807692307692308,0.5,0.49019607843137253
cleveland_0_vs_4.csv,smote,XGBoost,0.8,0.9807692307692307,0.8333333333333333,0.99,0.8949494949494949
cleveland_0_vs_4.csv,smote,LightGBM,0.8,0.9615384615384616,0.74,0.74,0.74
cleveland_0_vs_4.csv,smote,Random Forest,1.0,0.9615384615384616,0.4807692307692308,0.5,0.49019607843137253
cleveland_0_vs_4.csv,smote,XGBoost,1.0,0.9807692307692307,0.8333333333333333,0.99,0.8949494949494949
cleveland_0_vs_4.csv,smote,LightGBM,1.0,0.9615384615384616,0.74,0.74,0.74
cleveland_0_vs_4.csv,customsmote,Random Forest,0.6,0.9615384615384616,0.74,0.74,0.74
cleveland_0_vs_4.csv,customsmote,XGBoost,0.6,0.9807692307692307,0.8333333333333333,0.99,0.8949494949494949
cleveland_0_vs_4.csv,customsmote,LightGBM,0.6,0.9615384615384616,0.74,0.74,0.74
cleveland_0_vs_4.csv,customsmote,Random Forest,0.8,0.9423076923076923,0.4803921568627451,0.49,0.48514851485148514
cleveland_0_vs_4.csv,customsmote,XGBoost,0.8,0.9807692307692307,0.8333333333333333,0.99,0.8949494949494949
cleveland_0_vs_4.csv,customsmote,LightGBM,0.8,0.9615384615384616,0.74,0.74,0.74
cleveland_0_vs_4.csv,customsmote,Random Forest,1.0,0.9423076923076923,0.4803921568627451,0.49,0.48514851485148514
cleveland_0_vs_4.csv,customsmote,XGBoost,1.0,0.9615384615384616,0.74,0.74,0.74
cleveland_0_vs_4.csv,customsmote,LightGBM,1.0,0.9615384615384616,0.74,0.74,0.74
cleveland_0_vs_4.csv,adasyn,Random Forest,0.6,0.9423076923076923,0.4803921568627451,0.49,0.48514851485148514
cleveland_0_vs_4.csv,adasyn,XGBoost,0.6,0.9807692307692307,0.8333333333333333,0.99,0.8949494949494949
cleveland_0_vs_4.csv,adasyn,LightGBM,0.6,0.9615384615384616,0.75,0.98,0.8231292517006803
cleveland_0_vs_4.csv,adasyn,Random Forest,0.8,0.9423076923076923,0.4803921568627451,0.49,0.48514851485148514
cleveland_0_vs_4.csv,adasyn,XGBoost,0.8,0.9807692307692307,0.8333333333333333,0.99,0.8949494949494949
cleveland_0_vs_4.csv,adasyn,LightGBM,0.8,0.9807692307692307,0.8333333333333333,0.99,0.8949494949494949
cleveland_0_vs_4.csv,adasyn,Random Forest,1.0,0.9615384615384616,0.4807692307692308,0.5,0.49019607843137253
cleveland_0_vs_4.csv,adasyn,XGBoost,1.0,0.9807692307692307,0.8333333333333333,0.99,0.8949494949494949
cleveland_0_vs_4.csv,adasyn,LightGBM,1.0,0.9615384615384616,0.74,0.74,0.74
cleveland_0_vs_4.csv,borderline,Random Forest,0.6,0.9615384615384616,0.4807692307692308,0.5,0.49019607843137253
cleveland_0_vs_4.csv,borderline,XGBoost,0.6,0.9615384615384616,0.4807692307692308,0.5,0.49019607843137253
cleveland_0_vs_4.csv,borderline,LightGBM,0.6,0.9807692307692307,0.8333333333333333,0.99,0.8949494949494949
cleveland_0_vs_4.csv,borderline,Random Forest,0.8,0.9615384615384616,0.4807692307692308,0.5,0.49019607843137253
cleveland_0_vs_4.csv,borderline,XGBoost,0.8,0.9615384615384616,0.4807692307692308,0.5,0.49019607843137253
cleveland_0_vs_4.csv,borderline,LightGBM,0.8,0.9807692307692307,0.8333333333333333,0.99,0.8949494949494949
cleveland_0_vs_4.csv,borderline,Random Forest,1.0,0.9615384615384616,0.4807692307692308,0.5,0.49019607843137253
cleveland_0_vs_4.csv,borderline,XGBoost,1.0,0.9423076923076923,0.4803921568627451,0.49,0.48514851485148514
cleveland_0_vs_4.csv,borderline,LightGBM,1.0,0.9615384615384616,0.74,0.74,0.74
cmc.csv,Original,Random Forest,,0.5723981900452488,0.5618671696537594,0.5444027360867792,0.5444428470696159
cmc.csv,Original,XGBoost,,0.5859728506787331,0.5826742701742702,0.5558767006513401,0.5559112574011577
cmc.csv,Original,LightGBM,,0.5769230769230769,0.5644041218637993,0.5425434506421397,0.5429643430109197
cmc.csv,smote,Random Forest,0.6,0.5271493212669683,0.4986730038877278,0.4948542718778506,0.4953072319354764
cmc.csv,smote,XGBoost,0.6,0.5723981900452488,0.5574489873011427,0.5511486347456542,0.5509070056188051
cmc.csv,smote,LightGBM,0.6,0.581447963800905,0.5571081474695933,0.5536925668161178,0.5542066437470203
cmc.csv,smote,Random Forest,0.8,0.5158371040723982,0.49297461797461795,0.48819678938228345,0.4898096385602279
cmc.csv,smote,XGBoost,0.8,0.5746606334841629,0.5568866724596068,0.5549323604777898,0.553695054945055
cmc.csv,smote,LightGBM,0.8,0.5633484162895928,0.5408778172350163,0.5382987804355862,0.5386910257030353
cmc.csv,smote,Random Forest,1.0,0.5384615384615384,0.5142715881547497,0.5128720740788575,0.5133362770567745
cmc.csv,smote,XGBoost,1.0,0.5588235294117647,0.548158106668745,0.5402899957574129,0.5388556142474991
cmc.csv,smote,LightGBM,1.0,0.5565610859728507,0.5382104665039447,0.5322433148006575,0.5315062025909602
cmc.csv,customsmote,Random Forest,0.6,0.5384615384615384,0.5126567534397922,0.5066755360577084,0.5074519238285736
cmc.csv,customsmote,XGBoost,0.6,0.5769230769230769,0.5579174351131303,0.555068456561625,0.5546280787660098
cmc.csv,customsmote,LightGBM,0.6,0.579185520361991,0.5547859547859547,0.5509415974208404,0.5515339912641914
cmc.csv,customsmote,Random Forest,0.8,0.5361990950226244,0.506958858831089,0.5058581494589602,0.5062553191987517
cmc.csv,customsmote,XGBoost,0.8,0.5701357466063348,0.5558778801313009,0.560790741392675,0.5567713194679881
cmc.csv,customsmote,LightGBM,0.8,0.5588235294117647,0.5354551432203052,0.5359610755941994,0.5348045672442513
cmc.csv,customsmote,Random Forest,1.0,0.5271493212669683,0.5052968832763801,0.5028308216893644,0.5026249848881373
cmc.csv,customsmote,XGBoost,1.0,0.5271493212669683,0.5199313395774126,0.5165864787614886,0.512462172045237
cmc.csv,customsmote,LightGBM,1.0,0.5271493212669683,0.5102510174470752,0.5097086502254266,0.5079173141006823
cmc.csv,borderline,Random Forest,0.6,0.5248868778280543,0.4980826304279913,0.4946522108554217,0.49549189316027237
cmc.csv,borderline,XGBoost,0.6,0.5701357466063348,0.5535993525212204,0.5488810610495091,0.5484323691748759
cmc.csv,borderline,LightGBM,0.6,0.5633484162895928,0.5380526903856033,0.5352005114250117,0.5351131767018197
cmc.csv,borderline,Random Forest,0.8,0.5565610859728507,0.5297563530144679,0.5282658604593892,0.528815017415901
cmc.csv,borderline,XGBoost,0.8,0.5746606334841629,0.5632955100826585,0.5648424930858329,0.5620941904057863
cmc.csv,borderline,LightGBM,0.8,0.5656108597285068,0.5464797890452133,0.5442799487186253,0.5439258591157325
cmc.csv,borderline,Random Forest,1.0,0.5226244343891403,0.49986215374236376,0.4976803487207547,0.4980788206937829
cmc.csv,borderline,XGBoost,1.0,0.5610859728506787,0.5589494787489976,0.5609276475722472,0.5525163135782605
cmc.csv,borderline,LightGBM,1.0,0.5701357466063348,0.5474556099903602,0.5446181058248892,0.544025436261461
credit.csv,Original,Random Forest,,0.9994147940074907,0.928337154236182,0.7999414108272791,0.8527947292794453
credit.csv,Original,XGBoost,,0.9995318352059925,0.9373242736644798,0.8499414108272791,0.888771724272603
credit.csv,Original,LightGBM,,0.997308052434457,0.6378135946706623,0.8987696273728616,0.7044536787630225
credit.csv,smote,Random Forest,0.6,0.9991807116104869,0.8180060300650949,0.8497656433091165,0.8331282592136873
credit.csv,smote,XGBoost,0.6,0.9990636704119851,0.7914908579465542,0.8497070541363956,0.8179474340261871
credit.csv,smote,LightGBM,0.6,0.9992977528089888,0.8498242324818374,0.8498242324818374,0.8498242324818374
credit.csv,smote,Random Forest,0.8,0.9992977528089888,0.8498242324818374,0.8498242324818374,0.8498242324818374
credit.csv,smote,XGBoost,0.8,0.9990636704119851,0.7914908579465542,0.8497070541363956,0.8179474340261871
credit.csv,smote,LightGBM,0.8,0.9990636704119851,0.7914908579465542,0.8497070541363956,0.8179474340261871
credit.csv,smote,Random Forest,1.0,0.9992977528089888,0.8498242324818374,0.8498242324818374,0.8498242324818374
credit.csv,smote,XGBoost,1.0,0.9990636704119851,0.7914908579465542,0.8497070541363956,0.8179474340261871
credit.csv,smote,LightGBM,1.0,0.9991807116104869,0.8180060300650949,0.8497656433091165,0.8331282592136873
credit.csv,customsmote,Random Forest,0.6,0.9994147940074907,0.88871314196446,0.8498828216545582,0.8682745882810019
credit.csv,customsmote,XGBoost,0.6,0.9996488764044944,0.9443272798281586,0.8999414108272792,0.9209647529686011
credit.csv,customsmote,LightGBM,0.6,0.9987125468164794,0.7305347916647882,0.7995898757909539,0.7605472681180652
credit.csv,customsmote,Random Forest,0.8,0.9994147940074907,0.88871314196446,0.8498828216545582,0.8682745882810019
credit.csv,customsmote,XGBoost,0.8,0.9995318352059925,0.8998828216545582,0.8998828216545582,0.8998828216545582
credit.csv,customsmote,LightGBM,0.8,0.9987125468164794,0.7305347916647882,0.7995898757909539,0.7605472681180652
credit.csv,customsmote,Random Forest,1.0,0.9992977528089888,0.8498242324818374,0.8498242324818374,0.8498242324818374
credit.csv,customsmote,XGBoost,1.0,0.9995318352059925,0.9373242736644798,0.8499414108272791,0.888771724272603
credit.csv,customsmote,LightGBM,1.0,0.9989466292134831,0.7724928885716416,0.7997070541363955,0.7854506189890265
credit.csv,adasyn,Random Forest,0.6,0.9991807116104869,0.8180060300650949,0.8497656433091165,0.8331282592136873
credit.csv,adasyn,XGBoost,0.6,0.9990636704119851,0.7914908579465542,0.8497070541363956,0.8179474340261871
credit.csv,adasyn,LightGBM,0.6,0.9991807116104869,0.8180060300650949,0.8497656433091165,0.8331282592136873
credit.csv,adasyn,Random Forest,0.8,0.9990636704119851,0.7914908579465542,0.8497070541363956,0.8179474340261871
credit.csv,adasyn,XGBoost,0.8,0.9991807116104869,0.8180060300650949,0.8497656433091165,0.8331282592136873
credit.csv,adasyn,LightGBM,0.8,0.9991807116104869,0.8180060300650949,0.8497656433091165,0.8331282592136873
credit.csv,adasyn,Random Forest,1.0,0.9990636704119851,0.7914908579465542,0.8497070541363956,0.8179474340261871
credit.csv,adasyn,XGBoost,1.0,0.9990636704119851,0.7914908579465542,0.8497070541363956,0.8179474340261871
credit.csv,adasyn,LightGBM,1.0,0.9991807116104869,0.8180060300650949,0.8497656433091165,0.8331282592136873
credit.csv,borderline,Random Forest,0.6,0.9994147940074907,0.8635191715585482,0.8998242324818374,0.8808058994383481
credit.csv,borderline,XGBoost,0.6,0.9992977528089888,0.8498242324818374,0.8498242324818374,0.8498242324818374
credit.csv,borderline,LightGBM,0.6,0.9992977528089888,0.8498242324818374,0.8498242324818374,0.8498242324818374
credit.csv,borderline,Random Forest,0.8,0.9992977528089888,0.8498242324818374,0.8498242324818374,0.8498242324818374
credit.csv,borderline,XGBoost,0.8,0.9992977528089888,0.8498242324818374,0.8498242324818374,0.8498242324818374
credit.csv,borderline,LightGBM,0.8,0.9994147940074907,0.88871314196446,0.8498828216545582,0.8682745882810019
credit.csv,borderline,Random Forest,1.0,0.9992977528089888,0.8498242324818374,0.8498242324818374,0.8498242324818374
credit.csv,borderline,XGBoost,1.0,0.9992977528089888,0.8498242324818374,0.8498242324818374,0.8498242324818374
credit.csv,borderline,LightGBM,1.0,0.9992977528089888,0.8498242324818374,0.8498242324818374,0.8498242324818374
dermatology.csv,Original,Random Forest,,0.9636363636363636,0.9594017094017094,0.9562499999999999,0.9565826330532213
dermatology.csv,Original,XGBoost,,0.9545454545454546,0.9484126984126985,0.9474780701754386,0.9471520201743325
dermatology.csv,Original,LightGBM,,0.9636363636363636,0.9594017094017094,0.9562499999999999,0.9565826330532213
dermatology.csv,smote,Random Forest,0.6,0.9636363636363636,0.9594017094017094,0.9562499999999999,0.9565826330532213
dermatology.csv,smote,XGBoost,0.6,0.9636363636363636,0.9594017094017094,0.9562499999999999,0.9565826330532213
dermatology.csv,smote,LightGBM,0.6,0.9545454545454546,0.9510233918128655,0.9451388888888889,0.945326278659612
dermatology.csv,smote,Random Forest,0.8,0.9636363636363636,0.9594017094017094,0.9562499999999999,0.9565826330532213
dermatology.csv,smote,XGBoost,0.8,0.9636363636363636,0.9594017094017094,0.9562499999999999,0.9565826330532213
dermatology.csv,smote,LightGBM,0.8,0.9636363636363636,0.9594017094017094,0.9562499999999999,0.9565826330532213
dermatology.csv,smote,Random Forest,1.0,0.9636363636363636,0.9594017094017094,0.9562499999999999,0.9565826330532213
dermatology.csv,smote,XGBoost,1.0,0.9636363636363636,0.9594017094017094,0.9562499999999999,0.9565826330532213
dermatology.csv,smote,LightGBM,1.0,0.9545454545454546,0.9510233918128655,0.9451388888888889,0.945326278659612
dermatology.csv,customsmote,Random Forest,0.6,0.9636363636363636,0.9594017094017094,0.9562499999999999,0.9565826330532213
dermatology.csv,customsmote,XGBoost,0.6,0.9636363636363636,0.9594017094017094,0.9562499999999999,0.9565826330532213
dermatology.csv,customsmote,LightGBM,0.6,0.9818181818181818,0.9784722222222223,0.9784722222222223,0.9784722222222223
dermatology.csv,customsmote,Random Forest,0.8,0.9636363636363636,0.9594017094017094,0.9562499999999999,0.9565826330532213
dermatology.csv,customsmote,XGBoost,0.8,0.9636363636363636,0.9594017094017094,0.9562499999999999,0.9565826330532213
dermatology.csv,customsmote,LightGBM,0.8,0.9818181818181818,0.9784722222222223,0.9784722222222223,0.9784722222222223
dermatology.csv,customsmote,Random Forest,1.0,0.9636363636363636,0.9594017094017094,0.9562499999999999,0.9565826330532213
dermatology.csv,customsmote,XGBoost,1.0,0.9636363636363636,0.9594017094017094,0.9562499999999999,0.9565826330532213
dermatology.csv,customsmote,LightGBM,1.0,0.9818181818181818,0.9784722222222223,0.9784722222222223,0.9784722222222223
dermatology.csv,borderline,Random Forest,0.6,0.9636363636363636,0.9594017094017094,0.9562499999999999,0.9565826330532213
dermatology.csv,borderline,XGBoost,0.6,0.9636363636363636,0.9594017094017094,0.9562499999999999,0.9565826330532213
dermatology.csv,borderline,LightGBM,0.6,0.9818181818181818,0.9784722222222223,0.9784722222222223,0.9784722222222223
dermatology.csv,borderline,Random Forest,0.8,0.9636363636363636,0.9594017094017094,0.9562499999999999,0.9565826330532213
dermatology.csv,borderline,XGBoost,0.8,0.9636363636363636,0.9594017094017094,0.9562499999999999,0.9565826330532213
dermatology.csv,borderline,LightGBM,0.8,0.9818181818181818,0.9784722222222223,0.9784722222222223,0.9784722222222223
dermatology.csv,borderline,Random Forest,1.0,0.990909090909091,0.9901960784313726,0.9888888888888889,0.9892023685127134
dermatology.csv,borderline,XGBoost,1.0,0.9636363636363636,0.9594017094017094,0.9562499999999999,0.9565826330532213
dermatology.csv,borderline,LightGBM,1.0,0.9818181818181818,0.9784722222222223,0.9784722222222223,0.9784722222222223
diabetes.csv,Original,Random Forest,,0.7402597402597403,0.7150360866078589,0.7219784768211921,0.7179257570823836
diabetes.csv,Original,XGBoost,,0.7445887445887446,0.7219780219780221,0.7341059602649007,0.7261108096702237
diabetes.csv,Original,LightGBM,,0.7575757575757576,0.7322847682119206,0.7322847682119206,0.7322847682119206
diabetes.csv,smote,Random Forest,0.6,0.7402597402597403,0.7142857142857143,0.7190397350993378,0.71640202979211
diabetes.csv,smote,XGBoost,0.6,0.7445887445887446,0.7200670498084292,0.7282284768211921,0.7233532934131737
diabetes.csv,smote,LightGBM,0.6,0.7402597402597403,0.716903073286052,0.7278559602649006,0.7207896857373086
diabetes.csv,smote,Random Forest,0.8,0.7445887445887446,0.7209605950308593,0.7311672185430463,0.7247611931255933
diabetes.csv,smote,XGBoost,0.8,0.7229437229437229,0.7043501611170784,0.7204884105960265,0.7075486627630954
diabetes.csv,smote,LightGBM,0.8,0.7316017316017316,0.7116898148148147,0.727110927152318,0.7154720279720279
diabetes.csv,smote,Random Forest,1.0,0.7402597402597403,0.718016890835158,0.7307947019867549,0.7221331194867683
diabetes.csv,smote,XGBoost,1.0,0.7229437229437229,0.7043501611170784,0.7204884105960265,0.7075486627630954
diabetes.csv,smote,LightGBM,1.0,0.7229437229437229,0.706030534351145,0.7234271523178808,0.7087470449172577
diabetes.csv,customsmote,Random Forest,0.6,0.7575757575757576,0.7322847682119206,0.7322847682119206,0.7322847682119206
diabetes.csv,customsmote,XGBoost,0.6,0.7316017316017316,0.7078014184397163,0.7182947019867549,0.7114826752618856
diabetes.csv,customsmote,LightGBM,0.6,0.7316017316017316,0.7078014184397163,0.7182947019867549,0.7114826752618856
diabetes.csv,customsmote,Random Forest,0.8,0.7272727272727273,0.6998534679257571,0.703228476821192,0.7013972956891068
diabetes.csv,customsmote,XGBoost,0.8,0.70995670995671,0.6886222910216718,0.7017384105960265,0.6918466898954704
diabetes.csv,customsmote,LightGBM,0.8,0.7186147186147186,0.6991075550084629,0.7142384105960264,0.7023490930716623
diabetes.csv,customsmote,Random Forest,1.0,0.7142857142857143,0.6872493985565358,0.693294701986755,0.689718332790622
diabetes.csv,customsmote,XGBoost,1.0,0.7142857142857143,0.6938657407407407,0.7079884105960265,0.6971153846153846
diabetes.csv,customsmote,LightGBM,1.0,0.7142857142857143,0.6909211761025962,0.7021109271523178,0.694346431435445
diabetes.csv,adasyn,Random Forest,0.8,0.7316017316017316,0.7078014184397163,0.7182947019867549,0.7114826752618856
diabetes.csv,adasyn,XGBoost,0.8,0.7359307359307359,0.7154411764705882,0.7304221854304636,0.7194425087108014
diabetes.csv,adasyn,LightGBM,0.8,0.7186147186147186,0.697561919504644,0.7112996688741722,0.7010452961672473
diabetes.csv,adasyn,Random Forest,1.0,0.7316017316017316,0.7102810995496195,0.7241721854304636,0.7142001915708812
diabetes.csv,adasyn,XGBoost,1.0,0.7359307359307359,0.7168795199261424,0.7333609271523178,0.7206660719595599
diabetes.csv,adasyn,LightGBM,1.0,0.7272727272727273,0.7079935374673026,0.7237996688741721,0.711507582515611
diabetes.csv,borderline,Random Forest,0.6,0.7489177489177489,0.7224736048265461,0.7197847682119205,0.7210609593604265
diabetes.csv,borderline,XGBoost,0.6,0.7142857142857143,0.6923435316042864,0.7050496688741722,0.6957614942528736
diabetes.csv,borderline,LightGBM,0.6,0.7359307359307359,0.7129120879120878,0.724544701986755,0.7168264303370109
diabetes.csv,borderline,Random Forest,0.8,0.7445887445887446,0.7243808049535604,0.7399834437086092,0.7286411149825784
diabetes.csv,borderline,XGBoost,0.8,0.7316017316017316,0.7102810995496195,0.7241721854304636,0.7142001915708812
diabetes.csv,borderline,LightGBM,0.8,0.7272727272727273,0.7079935374673026,0.7237996688741721,0.711507582515611
diabetes.csv,borderline,Random Forest,1.0,0.7229437229437229,0.706030534351145,0.7234271523178808,0.7087470449172577
diabetes.csv,borderline,XGBoost,1.0,0.7012987012987013,0.6849200304645849,0.7009933774834437,0.6866164644816264
diabetes.csv,borderline,LightGBM,1.0,0.70995670995671,0.6937166793602436,0.7105546357615894,0.6957000452212894
dry_bean.csv,Original,Random Forest,,0.9982859941234085,0.9976794108467205,0.9981065403082725,0.9978887455591862
dry_bean.csv,Original,XGBoost,,1.0,1.0,1.0,1.0
dry_bean.csv,Original,LightGBM,,0.9997551420176298,0.9996392496392497,0.9997692130163858,0.9997039100084987
dry_bean.csv,smote,Random Forest,0.6,0.9980411361410382,0.9973858940045937,0.9979944626528742,0.9976833094243862
dry_bean.csv,smote,XGBoost,0.6,0.9970617042115573,0.9977010254968487,0.9969551919563927,0.9973174627075939
dry_bean.csv,smote,LightGBM,0.6,1.0,1.0,1.0,1.0
dry_bean.csv,smote,Random Forest,0.8,0.9985308521057786,0.9983270987324733,0.9983893193532765,0.9983578260913281
dry_bean.csv,smote,XGBoost,0.8,0.9987757100881489,0.9986497765656718,0.9987111582856623,0.9986768347776194
dry_bean.csv,smote,LightGBM,0.8,1.0,1.0,1.0,1.0
dry_bean.csv,smote,Random Forest,1.0,0.9985308521057786,0.9982096806974489,0.9985080286814922,0.9983577868113179
dry_bean.csv,smote,XGBoost,1.0,0.9995102840352595,0.9995157384987893,0.9996424101555517,0.9995784391855214
dry_bean.csv,smote,LightGBM,1.0,1.0,1.0,1.0,1.0
dry_bean.csv,customsmote,Random Forest,0.6,0.9985308521057786,0.9981600367081749,0.9983373272918864,0.9982475167301236
dry_bean.csv,customsmote,XGBoost,0.6,1.0,1.0,1.0,1.0
dry_bean.csv,customsmote,LightGBM,0.6,1.0,1.0,1.0,1.0
dry_bean.csv,customsmote,Random Forest,0.8,0.9985308521057786,0.9982803295952044,0.9983373272918864,0.9983071388958017
dry_bean.csv,customsmote,XGBoost,0.8,0.9995102840352595,0.9992803166606693,0.9995384260327718,0.9994080892139144
dry_bean.csv,customsmote,LightGBM,0.8,1.0,1.0,1.0,1.0
dry_bean.csv,customsmote,Random Forest,1.0,0.9990205680705191,0.9990372570852408,0.9989817699896933,0.9990092551842918
dry_bean.csv,customsmote,XGBoost,1.0,1.0,1.0,1.0,1.0
dry_bean.csv,customsmote,LightGBM,1.0,1.0,1.0,1.0,1.0
dry_bean.csv,adasyn,Random Forest,0.6,0.9992654260528894,0.9989231873653984,0.9991727322528904,0.9990452057442412
dry_bean.csv,adasyn,XGBoost,0.6,1.0,1.0,1.0,1.0
dry_bean.csv,adasyn,LightGBM,0.6,1.0,1.0,1.0,1.0
dry_bean.csv,adasyn,Random Forest,0.8,0.9995102840352595,0.9993967078007825,0.9995229646960281,0.9994592933812834
dry_bean.csv,adasyn,XGBoost,0.8,1.0,1.0,1.0,1.0
dry_bean.csv,adasyn,LightGBM,0.8,1.0,1.0,1.0,1.0
dry_bean.csv,adasyn,Random Forest,1.0,0.9982859941234085,0.997963478997307,0.9981463650286894,0.9980543435386267
dry_bean.csv,adasyn,XGBoost,1.0,1.0,1.0,1.0,1.0
dry_bean.csv,adasyn,LightGBM,1.0,1.0,1.0,1.0,1.0
dry_bean.csv,borderline,Random Forest,0.6,0.9987757100881489,0.998389276763337,0.9986989909446893,0.9985393698198648
dry_bean.csv,borderline,XGBoost,0.6,1.0,1.0,1.0,1.0
dry_bean.csv,borderline,LightGBM,0.6,1.0,1.0,1.0,1.0
dry_bean.csv,borderline,Random Forest,0.8,0.997796278158668,0.9975453974739722,0.997855492451067,0.9976956814203902
dry_bean.csv,borderline,XGBoost,0.8,1.0,1.0,1.0,1.0
dry_bean.csv,borderline,LightGBM,0.8,1.0,1.0,1.0,1.0
dry_bean.csv,borderline,Random Forest,1.0,0.9990205680705191,0.9989186360768377,0.9989817699896933,0.9989498195044166
dry_bean.csv,borderline,XGBoost,1.0,1.0,1.0,1.0,1.0
dry_bean.csv,borderline,LightGBM,1.0,0.9997551420176298,0.9997574581615328,0.9998212050777758,0.9997891726073656
ecoli.csv,Original,Random Forest,,0.9306930693069307,0.9325316820276498,0.9211277173913044,0.9264169840105276
ecoli.csv,Original,XGBoost,,0.9207920792079208,0.9224759615384616,0.9044610507246377,0.912352773556231
ecoli.csv,Original,LightGBM,,0.9108910891089109,0.8936407674772037,0.8844429347826087,0.8887681915090841
ecoli.csv,smote,Random Forest,0.6,0.9207920792079208,0.9297043010752688,0.9011096014492754,0.9142012833502196
ecoli.csv,smote,XGBoost,0.6,0.9108910891089109,0.9070336246200608,0.899026268115942,0.9027768121987394
ecoli.csv,smote,LightGBM,0.6,0.9207920792079208,0.9206916199158486,0.9269248188405798,0.923531801687482
ecoli.csv,smote,Random Forest,0.8,0.9207920792079208,0.9224759615384616,0.9044610507246377,0.912352773556231
ecoli.csv,smote,XGBoost,0.8,0.9207920792079208,0.9224759615384616,0.9044610507246377,0.912352773556231
ecoli.csv,smote,LightGBM,0.8,0.9108910891089109,0.9087430905040839,0.8956748188405798,0.9003127156659765
ecoli.csv,smote,Random Forest,1.0,0.9108910891089109,0.9070336246200608,0.899026268115942,0.9027768121987394
ecoli.csv,smote,XGBoost,1.0,0.9207920792079208,0.9123263888888888,0.9044610507246377,0.9049220234784221
ecoli.csv,smote,LightGBM,1.0,0.9108910891089109,0.9087430905040839,0.8956748188405798,0.9003127156659765
ecoli.csv,customsmote,Random Forest,0.6,0.9108910891089109,0.903739522888459,0.899026268115942,0.8933967466225531
ecoli.csv,customsmote,XGBoost,0.6,0.9207920792079208,0.9224759615384616,0.9044610507246377,0.912352773556231
ecoli.csv,customsmote,LightGBM,0.6,0.900990099009901,0.896780303030303,0.867776268115942,0.8795731799721161
ecoli.csv,customsmote,Random Forest,0.8,0.9405940594059405,0.9427083333333334,0.937794384057971,0.9398993365362618
ecoli.csv,customsmote,XGBoost,0.8,0.9306930693069307,0.9212374207333884,0.9211277173913044,0.9191002642191628
ecoli.csv,customsmote,LightGBM,0.8,0.9108910891089109,0.8980110386639213,0.8956748188405798,0.8967581925243215
ecoli.csv,customsmote,Random Forest,1.0,0.9306930693069307,0.9345801876000915,0.9323596014492754,0.933384536610343
ecoli.csv,customsmote,XGBoost,1.0,0.9306930693069307,0.9325316820276498,0.9211277173913044,0.9264169840105276
ecoli.csv,customsmote,LightGBM,1.0,0.900990099009901,0.8800050862829689,0.8644248188405798,0.8710189452124937
ecoli.csv,adasyn,Random Forest,0.6,0.9108910891089109,0.910258152173913,0.910258152173913,0.910258152173913
ecoli.csv,adasyn,XGBoost,0.6,0.9306930693069307,0.9325316820276498,0.9211277173913044,0.9264169840105276
ecoli.csv,adasyn,LightGBM,0.6,0.9108910891089109,0.9054135209334249,0.8844429347826087,0.8935995903737839
ecoli.csv,adasyn,Random Forest,0.8,0.9405940594059405,0.9427083333333334,0.937794384057971,0.9398993365362618
ecoli.csv,adasyn,XGBoost,0.8,0.9207920792079208,0.9179135209334248,0.9156929347826087,0.9167178699436764
ecoli.csv,adasyn,LightGBM,0.8,0.9207920792079208,0.9165387894288151,0.9269248188405798,0.9206916199158486
ecoli.csv,adasyn,Random Forest,1.0,0.9306930693069307,0.9325316820276498,0.9211277173913044,0.9264169840105276
ecoli.csv,adasyn,XGBoost,1.0,0.9306930693069307,0.9325316820276498,0.9211277173913044,0.9264169840105276
ecoli.csv,adasyn,LightGBM,1.0,0.9306930693069307,0.9325316820276498,0.9211277173913044,0.9264169840105276
ecoli.csv,borderline,Random Forest,0.6,0.9306930693069307,0.9212374207333884,0.9211277173913044,0.9191002642191628
ecoli.csv,borderline,XGBoost,0.6,0.9108910891089109,0.8897888421380707,0.910258152173913,0.8991484999797019
ecoli.csv,borderline,LightGBM,0.6,0.9108910891089109,0.910258152173913,0.910258152173913,0.910258152173913
ecoli.csv,borderline,Random Forest,0.8,0.9207920792079208,0.9224759615384616,0.9044610507246377,0.912352773556231
ecoli.csv,borderline,XGBoost,0.8,0.900990099009901,0.8860176282051282,0.867776268115942,0.8757836246200608
ecoli.csv,borderline,LightGBM,0.8,0.900990099009901,0.8977598566308244,0.8902400362318841,0.8912309912309913
ecoli.csv,borderline,Random Forest,1.0,0.9207920792079208,0.9248907674772037,0.9156929347826087,0.9200181915090841
ecoli.csv,borderline,XGBoost,1.0,0.900990099009901,0.8757836246200608,0.867776268115942,0.8715268121987394
ecoli.csv,borderline,LightGBM,1.0,0.9207920792079208,0.9206916199158486,0.9269248188405798,0.923531801687482
flare-F.csv,Original,Random Forest,,0.959375,0.7340764331210191,0.6104986218992734,0.647427748114247
flare-F.csv,Original,XGBoost,,0.959375,0.7355769230769231,0.6473314958656978,0.6799753827217478
flare-F.csv,Original,LightGBM,,0.94375,0.593426223651304,0.5655224254572788,0.5763459841129744
flare-F.csv,smote,Random Forest,0.6,0.94375,0.6742437489071516,0.7496867952894011,0.7039473684210527
flare-F.csv,smote,XGBoost,0.6,0.95625,0.714327743453957,0.6825357053370082,0.696969696969697
flare-F.csv,smote,LightGBM,0.6,0.953125,0.685483870967742,0.6440741668754698,0.6617574519061377
flare-F.csv,smote,Random Forest,0.8,0.946875,0.6845106696100074,0.7513154597845151,0.7118491445521479
flare-F.csv,smote,XGBoost,0.8,0.95625,0.714327743453957,0.6825357053370082,0.696969696969697
flare-F.csv,smote,LightGBM,0.8,0.95,0.6672550750220654,0.6424455023803558,0.6536796536796536
flare-F.csv,smote,Random Forest,1.0,0.94375,0.6742437489071516,0.7496867952894011,0.7039473684210527
flare-F.csv,smote,XGBoost,1.0,0.95,0.6792783763467802,0.6792783763467802,0.6792783763467802
flare-F.csv,smote,LightGBM,1.0,0.95625,0.7077527688460163,0.6457028313705838,0.6704913209767579
flare-F.csv,customsmote,Random Forest,0.6,0.91875,0.6193907217798003,0.736657479328489,0.6533333333333333
flare-F.csv,customsmote,XGBoost,0.6,0.921875,0.6244113029827315,0.738286143823603,0.6586885106019882
flare-F.csv,customsmote,LightGBM,0.6,0.921875,0.6342954990215264,0.7751190177900276,0.6742538376969747
flare-F.csv,customsmote,Random Forest,0.8,0.90625,0.6025226029690813,0.730142821348033,0.6339231238560098
flare-F.csv,customsmote,XGBoost,0.8,0.91875,0.6193907217798003,0.736657479328489,0.6533333333333333
flare-F.csv,customsmote,LightGBM,0.8,0.91875,0.6081355932203389,0.6998246053620647,0.6363000524567233
flare-F.csv,customsmote,Random Forest,1.0,0.896875,0.5815972222222222,0.6884239538962666,0.6056022408963585
flare-F.csv,customsmote,XGBoost,1.0,0.90625,0.6025226029690813,0.730142821348033,0.6339231238560098
flare-F.csv,customsmote,LightGBM,1.0,0.903125,0.5879310344827586,0.6916812828864947,0.6135717346422033
flare-F.csv,adasyn,Random Forest,0.6,0.946875,0.6338709677419355,0.6039839639188174,0.6166584454936227
flare-F.csv,adasyn,XGBoost,0.6,0.953125,0.6953463203463204,0.6809070408418942,0.6878048780487804
flare-F.csv,adasyn,LightGBM,0.6,0.95625,0.7077527688460163,0.6457028313705838,0.6704913209767579
flare-F.csv,adasyn,Random Forest,0.8,0.94375,0.6201824065901735,0.6023552994237034,0.6103896103896104
flare-F.csv,adasyn,XGBoost,0.8,0.946875,0.6654995331465919,0.6776497118516662,0.6713189535375506
flare-F.csv,adasyn,LightGBM,0.8,0.953125,0.685483870967742,0.6440741668754698,0.6617574519061377
flare-F.csv,adasyn,Random Forest,1.0,0.946875,0.6338709677419355,0.6039839639188174,0.6166584454936227
flare-F.csv,adasyn,XGBoost,1.0,0.953125,0.685483870967742,0.6440741668754698,0.6617574519061377
flare-F.csv,adasyn,LightGBM,1.0,0.95625,0.7077527688460163,0.6457028313705838,0.6704913209767579
flare-F.csv,borderline,Random Forest,0.6,0.946875,0.6338709677419355,0.6039839639188174,0.6166584454936227
flare-F.csv,borderline,XGBoost,0.6,0.953125,0.6953463203463204,0.6809070408418942,0.6878048780487804
flare-F.csv,borderline,LightGBM,0.6,0.953125,0.685483870967742,0.6440741668754698,0.6617574519061377
flare-F.csv,borderline,Random Forest,0.8,0.946875,0.6338709677419355,0.6039839639188174,0.6166584454936227
flare-F.csv,borderline,XGBoost,0.8,0.946875,0.652056277056277,0.6408168378852418,0.6461788617886179
flare-F.csv,borderline,LightGBM,0.8,0.953125,0.671474358974359,0.6072412929090454,0.6307408262174014
flare-F.csv,borderline,Random Forest,1.0,0.946875,0.6338709677419355,0.6039839639188174,0.6166584454936227
flare-F.csv,borderline,XGBoost,1.0,0.946875,0.652056277056277,0.6408168378852418,0.6461788617886179
flare-F.csv,borderline,LightGBM,1.0,0.959375,0.7370967741935484,0.6841643698321223,0.7068564583186526
healthcare-stroke.csv,Original,Random Forest,,0.9517990495587237,0.9758831521739131,0.5069444444444444,0.501342208278302
healthcare-stroke.csv,Original,XGBoost,,0.9511201629327902,0.7258667573079538,0.5065875565072567,0.5009786945720094
healthcare-stroke.csv,Original,LightGBM,,0.9463679565512559,0.5313069216757741,0.5040893409469427,0.49855859349751147
healthcare-stroke.csv,smote,Random Forest,0.6,0.93346911065852,0.5461319879378335,0.5236586961694029,0.5290306162399185
healthcare-stroke.csv,smote,XGBoost,0.6,0.93346911065852,0.5559508527416102,0.5302462526766595,0.5372675984100526
healthcare-stroke.csv,smote,LightGBM,0.6,0.9375424304141209,0.5601178101178101,0.5258000237925292,0.5328452055927857
healthcare-stroke.csv,smote,Random Forest,0.8,0.9341479972844535,0.5752146068946723,0.5437782536283607,0.5536767990403868
healthcare-stroke.csv,smote,XGBoost,0.8,0.9314324507807196,0.5863944734011748,0.56211337140138,0.5715421234977494
healthcare-stroke.csv,smote,LightGBM,0.8,0.9341479972844535,0.5481323266441486,0.5240155841065905,0.5296454918639906
healthcare-stroke.csv,smote,Random Forest,1.0,0.9307535641547862,0.5716447368421053,0.5485813704496788,0.5569532908704883
healthcare-stroke.csv,smote,XGBoost,1.0,0.9293957909029192,0.5678636683063949,0.5478675945753033,0.5553568940695677
healthcare-stroke.csv,smote,LightGBM,1.0,0.9341479972844535,0.5581005796883234,0.5306031406138473,0.5379503481193793
healthcare-stroke.csv,customsmote,Random Forest,0.6,0.9083503054989817,0.5638912229776182,0.582916964073281,0.571519070531122
healthcare-stroke.csv,customsmote,XGBoost,0.6,0.9090291921249152,0.5525639973744667,0.5635111824886986,0.5572011844938981
healthcare-stroke.csv,customsmote,LightGBM,0.6,0.9151391717583164,0.5463502935420743,0.5469605044016179,0.5466520577626217
healthcare-stroke.csv,customsmote,Random Forest,0.8,0.8988458927359131,0.5694022069684594,0.6108583154889364,0.5829059016923062
healthcare-stroke.csv,customsmote,XGBoost,0.8,0.9015614392396469,0.5481699044540023,0.5661729716868903,0.5547798861440522
healthcare-stroke.csv,customsmote,LightGBM,0.8,0.9158180583842498,0.5621863799283154,0.5670800618605758,0.5644921316165952
healthcare-stroke.csv,customsmote,Random Forest,1.0,0.8608282416836388,0.5500889566653958,0.6172228170354508,0.5599492862919973
healthcare-stroke.csv,customsmote,XGBoost,1.0,0.8737270875763747,0.5452231619782795,0.591065905305734,0.5543043987506507
healthcare-stroke.csv,customsmote,LightGBM,1.0,0.8832315003394433,0.5629678735339112,0.622412562455389,0.5775428533315548
healthcare-stroke.csv,adasyn,Random Forest,0.6,0.93346911065852,0.5648203070481508,0.5368338091839163,0.5452099505998589
healthcare-stroke.csv,adasyn,XGBoost,0.6,0.9341479972844535,0.5481323266441486,0.5240155841065905,0.5296454918639906
healthcare-stroke.csv,adasyn,LightGBM,0.6,0.9389002036659878,0.5534261868055925,0.5199262431596479,0.5250157647328595
healthcare-stroke.csv,adasyn,Random Forest,0.8,0.9287169042769857,0.559160742948865,0.5409231501308589,0.5475316316828787
healthcare-stroke.csv,adasyn,XGBoost,0.8,0.9300746775288526,0.546690518783542,0.5284618129907209,0.5339824612596563
healthcare-stroke.csv,adasyn,LightGBM,0.8,0.9314324507807196,0.5188654877806477,0.5094129193433262,0.5102494296728148
healthcare-stroke.csv,adasyn,Random Forest,1.0,0.9280380176510523,0.5643709738537325,0.5471538187009279,0.5537996387828353
healthcare-stroke.csv,adasyn,XGBoost,1.0,0.9321113374066531,0.5685158088936956,0.5427075898167976,0.5512976727184111
healthcare-stroke.csv,adasyn,LightGBM,1.0,0.9348268839103869,0.5603688239387613,0.530960028551035,0.5386422363166549
healthcare-stroke.csv,borderline,Random Forest,0.6,0.9355057705363204,0.5524936868686869,0.524729359980966,0.5308995826419269
healthcare-stroke.csv,borderline,XGBoost,0.6,0.9300746775288526,0.546690518783542,0.5284618129907209,0.5339824612596563
healthcare-stroke.csv,borderline,LightGBM,0.6,0.9361846571622539,0.5548772553782095,0.5250862479181537,0.5315392735343475
healthcare-stroke.csv,borderline,Random Forest,0.8,0.9361846571622539,0.5548772553782095,0.5250862479181537,0.5315392735343475
healthcare-stroke.csv,borderline,XGBoost,0.8,0.9300746775288526,0.546690518783542,0.5284618129907209,0.5339824612596563
healthcare-stroke.csv,borderline,LightGBM,0.8,0.9348268839103869,0.5389052741151978,0.5177849155365215,0.5215720240350782
healthcare-stroke.csv,borderline,Random Forest,1.0,0.9300746775288526,0.546690518783542,0.5284618129907209,0.5339824612596563
healthcare-stroke.csv,borderline,XGBoost,1.0,0.9300746775288526,0.5550186741363212,0.5350493694979777,0.5416247473511524
healthcare-stroke.csv,borderline,LightGBM,1.0,0.9375424304141209,0.5601178101178101,0.5258000237925292,0.5328452055927857
landsat_satellite.csv,Original,Random Forest,,0.9067840497151735,0.9006283044148934,0.8857052867926588,0.8921020126752518
landsat_satellite.csv,Original,XGBoost,,0.9109269808389435,0.9043314382280795,0.8952269235839294,0.8989962317513713
landsat_satellite.csv,Original,LightGBM,,0.9114448472294148,0.9035951923411024,0.8946523645426455,0.8982486652935515
landsat_satellite.csv,smote,Random Forest,0.6,0.9109269808389435,0.9025241862700448,0.8975267604037658,0.8998444207572717
landsat_satellite.csv,smote,XGBoost,0.6,0.9114448472294148,0.9027166046014669,0.8989418799541095,0.9005399682923251
landsat_satellite.csv,smote,LightGBM,0.6,0.9150699119627136,0.9060325227259473,0.9026412893652597,0.9039481222051111
landsat_satellite.csv,smote,Random Forest,0.8,0.9062661833247022,0.8953858026802294,0.8959445079831717,0.8954562604241687
landsat_satellite.csv,smote,XGBoost,0.8,0.9104091144484723,0.90330087908135,0.8979463166896489,0.900460166813078
landsat_satellite.csv,smote,LightGBM,0.8,0.9145520455722423,0.9068035799753532,0.9013921001997448,0.9037565840178412
landsat_satellite.csv,smote,Random Forest,1.0,0.9073019161056447,0.8945768066146087,0.8976164735807771,0.8958405146513077
landsat_satellite.csv,smote,XGBoost,1.0,0.9088555152770585,0.89991726495677,0.8980274150697863,0.8988026772482298
landsat_satellite.csv,smote,LightGBM,1.0,0.9161056447436562,0.9082271899750042,0.9045390892687367,0.9060630864963297
landsat_satellite.csv,customsmote,Random Forest,0.6,0.9088555152770585,0.9004088012036138,0.8919507947953776,0.8957281907590534
landsat_satellite.csv,customsmote,XGBoost,0.6,0.9078197824961161,0.899439322748655,0.8948821462630714,0.8968317341028573
landsat_satellite.csv,customsmote,LightGBM,0.6,0.9119627136198861,0.9037046537222837,0.8963455579304679,0.8994360181369974
landsat_satellite.csv,customsmote,Random Forest,0.8,0.9073019161056447,0.8969769140426923,0.8951752847120965,0.895873597047812
landsat_satellite.csv,customsmote,XGBoost,0.8,0.909891248058001,0.9010132650074497,0.899830404614329,0.9003178985889733
landsat_satellite.csv,customsmote,LightGBM,0.8,0.9150699119627136,0.9064559898775935,0.9008460585169238,0.9031736049369785
landsat_satellite.csv,customsmote,Random Forest,1.0,0.9109269808389435,0.900479927601349,0.902870162401446,0.901427008190657
landsat_satellite.csv,customsmote,XGBoost,1.0,0.9078197824961161,0.8980958987617812,0.896776149069494,0.8973416120542836
landsat_satellite.csv,customsmote,LightGBM,1.0,0.9119627136198861,0.9042850169969795,0.8972405324053597,0.9003247639551543
landsat_satellite.csv,borderline,Random Forest,0.6,0.909891248058001,0.8980532511224678,0.9000467684537313,0.8988245041658254
landsat_satellite.csv,borderline,XGBoost,0.6,0.9124805800103574,0.9047385148462649,0.9028468134882398,0.903596449566078
landsat_satellite.csv,borderline,LightGBM,0.6,0.9161056447436562,0.9084597293155086,0.901983792535682,0.9047178587258055
landsat_satellite.csv,borderline,Random Forest,0.8,0.9062661833247022,0.8943664494537275,0.8987603794668741,0.8961638818903023
landsat_satellite.csv,borderline,XGBoost,0.8,0.9062661833247022,0.8980123982942022,0.8959112625693194,0.8967998311040019
landsat_satellite.csv,borderline,LightGBM,0.8,0.9155877783531848,0.9071382050780415,0.9021618291583337,0.9042827951678857
landsat_satellite.csv,borderline,Random Forest,1.0,0.9124805800103574,0.9012566783408488,0.9015993522434277,0.901058922248958
landsat_satellite.csv,borderline,XGBoost,1.0,0.9104091144484723,0.9006760879295764,0.8991087796962477,0.8995293053621328
landsat_satellite.csv,borderline,LightGBM,1.0,0.9155877783531848,0.9086040284711325,0.9028528091309641,0.9051973207532225
new_thyroid.csv,Original,Random Forest,,0.9846153846153847,0.9929078014184397,0.9583333333333334,0.9741935483870968
new_thyroid.csv,Original,XGBoost,,0.9692307692307692,0.9861111111111112,0.9166666666666666,0.945288753799392
new_thyroid.csv,Original,LightGBM,,0.9384615384615385,0.9236111111111112,0.8677536231884058,0.8905775075987842
new_thyroid.csv,smote,Random Forest,0.6,0.9846153846153847,0.9929078014184397,0.9583333333333334,0.9741935483870968
new_thyroid.csv,smote,XGBoost,0.6,0.9538461538461539,0.9381965552178319,0.9094202898550724,0.9225806451612902
new_thyroid.csv,smote,LightGBM,0.6,0.9846153846153847,0.9929078014184397,0.9583333333333334,0.9741935483870968
new_thyroid.csv,smote,Random Forest,0.8,0.9846153846153847,0.9929078014184397,0.9583333333333334,0.9741935483870968
new_thyroid.csv,smote,XGBoost,0.8,0.9384615384615385,0.9021739130434782,0.9021739130434782,0.9021739130434782
new_thyroid.csv,smote,LightGBM,0.8,0.9538461538461539,0.9231481481481482,0.9438405797101449,0.932851568721134
new_thyroid.csv,smote,Random Forest,1.0,0.9692307692307692,0.9861111111111112,0.9166666666666666,0.945288753799392
new_thyroid.csv,smote,XGBoost,1.0,0.9692307692307692,0.9861111111111112,0.9166666666666666,0.945288753799392
new_thyroid.csv,smote,LightGBM,1.0,0.9384615384615385,0.9101104209799861,0.9021739130434782,0.9043478260869566
new_thyroid.csv,customsmote,Random Forest,0.6,0.9846153846153847,0.9929078014184397,0.9583333333333334,0.9741935483870968
new_thyroid.csv,customsmote,XGBoost,0.6,0.9538461538461539,0.9381965552178319,0.9094202898550724,0.9225806451612902
new_thyroid.csv,customsmote,LightGBM,0.6,0.9538461538461539,0.9381965552178319,0.9094202898550724,0.9225806451612902
new_thyroid.csv,customsmote,Random Forest,0.8,0.9846153846153847,0.9929078014184397,0.9583333333333334,0.9741935483870968
new_thyroid.csv,customsmote,XGBoost,0.8,0.9384615384615385,0.9021739130434782,0.9021739130434782,0.9021739130434782
new_thyroid.csv,customsmote,LightGBM,0.8,0.9538461538461539,0.9381965552178319,0.9094202898550724,0.9225806451612902
new_thyroid.csv,customsmote,Random Forest,1.0,0.9692307692307692,0.9861111111111112,0.9166666666666666,0.945288753799392
new_thyroid.csv,customsmote,XGBoost,1.0,0.9076923076923077,0.8515151515151516,0.8876811594202899,0.8666666666666667
new_thyroid.csv,customsmote,LightGBM,1.0,0.9384615384615385,0.9021739130434782,0.9021739130434782,0.9021739130434782
new_thyroid.csv,adasyn,Random Forest,0.6,0.9846153846153847,0.9929078014184397,0.9583333333333334,0.9741935483870968
new_thyroid.csv,adasyn,XGBoost,0.6,0.9692307692307692,0.9861111111111112,0.9166666666666666,0.945288753799392
new_thyroid.csv,adasyn,LightGBM,0.6,0.9692307692307692,0.9510869565217391,0.9510869565217391,0.9510869565217391
new_thyroid.csv,adasyn,Random Forest,0.8,0.9846153846153847,0.9929078014184397,0.9583333333333334,0.9741935483870968
new_thyroid.csv,adasyn,XGBoost,0.8,0.9384615384615385,0.9021739130434782,0.9021739130434782,0.9021739130434782
new_thyroid.csv,adasyn,LightGBM,0.8,0.9538461538461539,0.9381965552178319,0.9094202898550724,0.9225806451612902
new_thyroid.csv,adasyn,Random Forest,1.0,0.9538461538461539,0.9381965552178319,0.9094202898550724,0.9225806451612902
new_thyroid.csv,adasyn,XGBoost,1.0,0.9384615384615385,0.9021739130434782,0.9021739130434782,0.9021739130434782
new_thyroid.csv,adasyn,LightGBM,1.0,0.9538461538461539,0.9185185185185185,0.9438405797101449,0.9301874595992242
new_thyroid.csv,borderline,Random Forest,0.6,1.0,1.0,1.0,1.0
new_thyroid.csv,borderline,XGBoost,0.6,0.9846153846153847,0.9629629629629629,0.9927536231884058,0.9767291531997415
new_thyroid.csv,borderline,LightGBM,0.6,0.9846153846153847,0.9629629629629629,0.9927536231884058,0.9767291531997415
new_thyroid.csv,borderline,Random Forest,0.8,1.0,1.0,1.0,1.0
new_thyroid.csv,borderline,XGBoost,0.8,1.0,1.0,1.0,1.0
new_thyroid.csv,borderline,LightGBM,0.8,0.9538461538461539,0.9185185185185185,0.9438405797101449,0.9301874595992242
new_thyroid.csv,borderline,Random Forest,1.0,1.0,1.0,1.0,1.0
new_thyroid.csv,borderline,XGBoost,1.0,1.0,1.0,1.0,1.0
new_thyroid.csv,borderline,LightGBM,1.0,0.9692307692307692,0.9333333333333332,0.9855072463768115,0.9555555555555556
occupancy.csv,Original,Random Forest,,0.9928664072632944,0.9889069724348714,0.9908649338054383,0.9898816347524864
occupancy.csv,Original,XGBoost,,0.9933527885862516,0.9894770368316356,0.9916816534332336,0.9905738775626134
occupancy.csv,Original,LightGBM,,0.9930285343709468,0.9899714310123471,0.9902172215692882,0.9900942584951694
occupancy.csv,smote,Random Forest,0.6,0.9931906614785992,0.989129573362258,0.9915766775776802,0.990346381905503
occupancy.csv,smote,XGBoost,0.6,0.9940012970168612,0.9901575786109684,0.9928542449471497,0.9914977433530482
occupancy.csv,smote,LightGBM,0.6,0.9936770428015564,0.990173438292945,0.9918916051443399,0.9910292077690928
occupancy.csv,smote,Random Forest,0.8,0.9933527885862516,0.9887718475978025,0.9924343415249368,0.9905879638201878
occupancy.csv,smote,XGBoost,0.8,0.992704280155642,0.9878570072499021,0.9915126460415884,0.9896697163880109
occupancy.csv,smote,LightGBM,0.8,0.9941634241245136,0.9907430104862242,0.9927083247721351,0.9917213375247617
occupancy.csv,smote,Random Forest,1.0,0.9931906614785992,0.9884266325025902,0.9923293656693836,0.9903608002303979
occupancy.csv,smote,XGBoost,1.0,0.9930285343709468,0.9885479919827778,0.9917225977526949,0.9901239234905688
occupancy.csv,smote,LightGBM,1.0,0.9931906614785992,0.9888942148939561,0.991827573608248,0.9903511956791045
occupancy.csv,customsmote,Random Forest,0.6,0.9931906614785992,0.9888942148939561,0.991827573608248,0.9903511956791045
occupancy.csv,customsmote,XGBoost,0.6,0.9933527885862516,0.9899524205593268,0.9911798613720979,0.9905644491945729
occupancy.csv,customsmote,LightGBM,0.6,0.993514915693904,0.9907830451665156,0.9907830451665156,0.9907830451665156
occupancy.csv,customsmote,Random Forest,0.8,0.9936770428015564,0.9896992524111168,0.9923933972054755,0.9910381619126725
occupancy.csv,customsmote,XGBoost,0.8,0.994325551232166,0.9906159048108201,0.9933150926888239,0.9919573247934239
occupancy.csv,customsmote,LightGBM,0.8,0.993514915693904,0.9905419343108026,0.9910339411970834,0.9907876664657318
occupancy.csv,customsmote,Random Forest,1.0,0.9933527885862516,0.9890058644495583,0.992183445494369,0.9905832758863563
occupancy.csv,customsmote,XGBoost,1.0,0.9941634241245136,0.9905052341872234,0.9929592208027029,0.9917254702047168
occupancy.csv,customsmote,LightGBM,1.0,0.994325551232166,0.9913315088585406,0.9925624045971206,0.9919452615075621
occupancy.csv,adasyn,Random Forest,0.6,0.9928664072632944,0.9870484940190025,0.9928721020499804,0.9899218186358122
occupancy.csv,adasyn,XGBoost,0.6,0.9928664072632944,0.9877376563116703,0.9921194139582772,0.989906809660472
occupancy.csv,adasyn,LightGBM,0.6,0.9938391699092088,0.9895751948668842,0.9930001651221643,0.9912744778029006
occupancy.csv,adasyn,Random Forest,0.8,0.992704280155642,0.9869349005424954,0.9925162301638595,0.9896902157971257
occupancy.csv,adasyn,XGBoost,0.8,0.9936770428015564,0.9887634528298312,0.9933969813277466,0.9910559847568923
occupancy.csv,adasyn,LightGBM,0.8,0.9936770428015564,0.9896992524111168,0.9923933972054755,0.9910381619126725
occupancy.csv,adasyn,Random Forest,1.0,0.9928664072632944,0.9870484940190025,0.9928721020499804,0.9899218186358122
occupancy.csv,adasyn,XGBoost,1.0,0.9933527885862516,0.988306932944275,0.9929361335860724,0.9905973173085278
occupancy.csv,adasyn,LightGBM,1.0,0.9931906614785992,0.9884266325025902,0.9923293656693836,0.9903608002303979
occupancy.csv,borderline,Random Forest,0.6,0.9931906614785992,0.98819440073399,0.9925802616999514,0.9903655910395415
occupancy.csv,borderline,XGBoost,0.6,0.9930285343709468,0.9890182554525662,0.9912208056915592,0.9901140667120092
occupancy.csv,borderline,LightGBM,0.6,0.9930285343709468,0.9892549622721977,0.9909699096609915,0.9901091265146407
occupancy.csv,borderline,Random Forest,0.8,0.9930285343709468,0.9880819024148251,0.9922243898138303,0.9901337488886127
occupancy.csv,borderline,XGBoost,0.8,0.9933527885862516,0.9897142002825714,0.9914307574026657,0.9905691671418667
occupancy.csv,borderline,LightGBM,0.8,0.9923800259403373,0.9883364862514503,0.9900482141776431,0.9891890452601887
occupancy.csv,borderline,Random Forest,1.0,0.9930285343709468,0.9880819024148251,0.9922243898138303,0.9901337488886127
occupancy.csv,borderline,XGBoost,1.0,0.9930285343709468,0.9890182554525662,0.9912208056915592,0.9901140667120092
occupancy.csv,borderline,LightGBM,1.0,0.9925421530479897,0.989400501941493,0.989400501941493,0.989400501941493
page_blocks.csv,Original,Random Forest,,0.9756394640682094,0.8529826782029719,0.8383763014330233,0.8440629234171672
page_blocks.csv,Original,XGBoost,,0.9725943970767357,0.8509162442264012,0.8228403581122438,0.8362188310061892
page_blocks.csv,Original,LightGBM,,0.97442143727162,0.8740510224248986,0.8579388895444158,0.8654202879702222
page_blocks.csv,smote,Random Forest,0.6,0.9695493300852619,0.7926912515586549,0.89198167766926,0.835825929738936
page_blocks.csv,smote,XGBoost,0.6,0.9689403166869671,0.7871466573220202,0.903198333492292,0.834505723898103
page_blocks.csv,smote,LightGBM,0.6,0.9719853836784409,0.8132348410365651,0.8772567613043067,0.8408166598198644
page_blocks.csv,smote,Random Forest,0.8,0.9713763702801461,0.8078631353114112,0.8923909546133254,0.8459290216903458
page_blocks.csv,smote,XGBoost,0.8,0.9713763702801461,0.7990737841034842,0.8991510806894416,0.8412546129004136
page_blocks.csv,smote,LightGBM,0.8,0.9725943970767357,0.826417597696772,0.9040168873804229,0.8600202179928063
page_blocks.csv,smote,Random Forest,1.0,0.9701583434835567,0.8011380833248026,0.8921181033172818,0.8412972996282368
page_blocks.csv,smote,XGBoost,1.0,0.9683313032886723,0.7879093460899051,0.8849487002971003,0.828952274954647
page_blocks.csv,smote,LightGBM,1.0,0.9725943970767357,0.823327726709224,0.904461826201335,0.8578282692444951
page_blocks.csv,customsmote,Random Forest,0.6,0.9719853836784409,0.8103849614698442,0.8726638059093691,0.8384208836179095
page_blocks.csv,customsmote,XGBoost,0.6,0.9701583434835567,0.7946635836397408,0.8903677365124734,0.8348224824475586
page_blocks.csv,customsmote,LightGBM,0.6,0.9725943970767357,0.8599774289496311,0.8909134391045608,0.8744181294090044
page_blocks.csv,customsmote,Random Forest,0.8,0.9732034104750305,0.8140321507925442,0.8945505983621993,0.8490158372192024
page_blocks.csv,customsmote,XGBoost,0.8,0.9689403166869671,0.7929153759763278,0.8900948852164298,0.8337699616723878
page_blocks.csv,customsmote,LightGBM,0.8,0.9732034104750305,0.8606862227701901,0.8978099908286987,0.8777827689871334
page_blocks.csv,customsmote,Random Forest,1.0,0.9719853836784409,0.8133179088750936,0.8744141727141775,0.8412882929223248
page_blocks.csv,customsmote,XGBoost,1.0,0.9695493300852619,0.7913589458287373,0.8902313108644517,0.8327015066836619
page_blocks.csv,customsmote,LightGBM,1.0,0.9738124238733252,0.8583392548127208,0.8929366572054128,0.8742749232771306
page_blocks.csv,adasyn,Random Forest,0.6,0.9671132764920828,0.8080565467491331,0.8914359750771726,0.8450439210526225
page_blocks.csv,adasyn,XGBoost,0.6,0.964068209500609,0.7696617641003181,0.8822433539561392,0.8169247207198499
page_blocks.csv,adasyn,LightGBM,0.6,0.9701583434835567,0.8225102538449693,0.8836076104363574,0.8506588027692956
page_blocks.csv,adasyn,Random Forest,0.8,0.9683313032886723,0.8000637334263127,0.8934310582334828,0.8414176491112035
page_blocks.csv,adasyn,XGBoost,0.8,0.9658952496954933,0.7838173798323457,0.891163123781129,0.8302914034641388
page_blocks.csv,adasyn,LightGBM,0.8,0.9701583434835567,0.829480039128133,0.8705041621604954,0.847860275838558
page_blocks.csv,adasyn,Random Forest,1.0,0.9695493300852619,0.8043216551679613,0.9068073578053883,0.849593598695766
page_blocks.csv,adasyn,XGBoost,1.0,0.9689403166869671,0.8037610838861561,0.9180240136284203,0.8545251524901666
page_blocks.csv,adasyn,LightGBM,1.0,0.9707673568818515,0.8260336690120468,0.870640587808517,0.8465133541521837
page_blocks.csv,borderline,Random Forest,0.6,0.9738124238733252,0.8464601350156558,0.8713227160486262,0.857988557116685
page_blocks.csv,borderline,XGBoost,0.6,0.9713763702801461,0.8033573792086817,0.8906405878085172,0.8400455090327517
page_blocks.csv,borderline,LightGBM,0.6,0.9725943970767357,0.8252626291885041,0.8778381257732407,0.8485400026615941
page_blocks.csv,borderline,Random Forest,0.8,0.9750304506699148,0.8607715560586993,0.8897087748918396,0.874670670903563
page_blocks.csv,borderline,XGBoost,0.8,0.9713763702801461,0.8053824007396321,0.9105041621604952,0.8482582231580205
page_blocks.csv,borderline,LightGBM,0.8,0.9707673568818515,0.8084937004891133,0.8756784820243668,0.837150084892213
page_blocks.csv,borderline,Random Forest,1.0,0.9719853836784409,0.8165925701280188,0.8822665205756145,0.8448043834542375
page_blocks.csv,borderline,XGBoost,1.0,0.9707673568818515,0.8113034979367431,0.9036076104363573,0.8500782962139972
page_blocks.csv,borderline,LightGBM,1.0,0.9725943970767357,0.8245832875207044,0.8828478850445485,0.8503297358091668
poker-8vs6.csv,Original,Random Forest,,0.990990990990991,0.4954954954954955,0.5,0.497737556561086
poker-8vs6.csv,Original,XGBoost,,0.990990990990991,0.4954954954954955,0.5,0.497737556561086
poker-8vs6.csv,Original,LightGBM,,0.990990990990991,0.4954954954954955,0.5,0.497737556561086
poker-8vs6.csv,smote,Random Forest,0.6,0.9932432432432432,0.9966139954853273,0.625,0.6983012457531144
poker-8vs6.csv,smote,XGBoost,0.6,0.9954954954954955,0.997737556561086,0.75,0.8321995464852607
poker-8vs6.csv,smote,LightGBM,0.6,0.9932432432432432,0.9966139954853273,0.625,0.6983012457531144
poker-8vs6.csv,smote,Random Forest,0.8,0.9932432432432432,0.9966139954853273,0.625,0.6983012457531144
poker-8vs6.csv,smote,XGBoost,0.8,0.9954954954954955,0.997737556561086,0.75,0.8321995464852607
poker-8vs6.csv,smote,LightGBM,0.8,0.9932432432432432,0.9966139954853273,0.625,0.6983012457531144
poker-8vs6.csv,smote,Random Forest,1.0,0.9932432432432432,0.9966139954853273,0.625,0.6983012457531144
poker-8vs6.csv,smote,XGBoost,1.0,0.9954954954954955,0.997737556561086,0.75,0.8321995464852607
poker-8vs6.csv,smote,LightGBM,1.0,0.990990990990991,0.4954954954954955,0.5,0.497737556561086
poker-8vs6.csv,customsmote,Random Forest,0.6,0.9954954954954955,0.997737556561086,0.75,0.8321995464852607
poker-8vs6.csv,customsmote,XGBoost,0.6,0.9977477477477478,0.9988662131519275,0.875,0.9280038916815307
poker-8vs6.csv,customsmote,LightGBM,0.6,0.9954954954954955,0.997737556561086,0.75,0.8321995464852607
poker-8vs6.csv,customsmote,Random Forest,0.8,0.9954954954954955,0.997737556561086,0.75,0.8321995464852607
poker-8vs6.csv,customsmote,XGBoost,0.8,0.9977477477477478,0.9988662131519275,0.875,0.9280038916815307
poker-8vs6.csv,customsmote,LightGBM,0.8,0.9954954954954955,0.997737556561086,0.75,0.8321995464852607
poker-8vs6.csv,customsmote,Random Forest,1.0,0.9954954954954955,0.997737556561086,0.75,0.8321995464852607
poker-8vs6.csv,customsmote,XGBoost,1.0,0.9977477477477478,0.9988662131519275,0.875,0.9280038916815307
poker-8vs6.csv,customsmote,LightGBM,1.0,0.9977477477477478,0.9988662131519275,0.875,0.9280038916815307
poker-8vs6.csv,adasyn,Random Forest,0.6,0.9932432432432432,0.9966139954853273,0.625,0.6983012457531144
poker-8vs6.csv,adasyn,XGBoost,0.6,0.9954954954954955,0.997737556561086,0.75,0.8321995464852607
poker-8vs6.csv,adasyn,LightGBM,0.6,0.9932432432432432,0.9966139954853273,0.625,0.6983012457531144
poker-8vs6.csv,adasyn,Random Forest,0.8,0.9932432432432432,0.9966139954853273,0.625,0.6983012457531144
poker-8vs6.csv,adasyn,XGBoost,0.8,0.9954954954954955,0.997737556561086,0.75,0.8321995464852607
poker-8vs6.csv,adasyn,LightGBM,0.8,0.9932432432432432,0.9966139954853273,0.625,0.6983012457531144
poker-8vs6.csv,adasyn,Random Forest,1.0,0.9932432432432432,0.9966139954853273,0.625,0.6983012457531144
poker-8vs6.csv,adasyn,XGBoost,1.0,0.9954954954954955,0.997737556561086,0.75,0.8321995464852607
poker-8vs6.csv,adasyn,LightGBM,1.0,0.9932432432432432,0.9966139954853273,0.625,0.6983012457531144
poker-8vs6.csv,borderline,Random Forest,0.6,0.9932432432432432,0.9966139954853273,0.625,0.6983012457531144
poker-8vs6.csv,borderline,XGBoost,0.6,0.9932432432432432,0.9966139954853273,0.625,0.6983012457531144
poker-8vs6.csv,borderline,LightGBM,0.6,0.9932432432432432,0.9966139954853273,0.625,0.6983012457531144
poker-8vs6.csv,borderline,Random Forest,0.8,0.9932432432432432,0.9966139954853273,0.625,0.6983012457531144
poker-8vs6.csv,borderline,XGBoost,0.8,0.9954954954954955,0.997737556561086,0.75,0.8321995464852607
poker-8vs6.csv,borderline,LightGBM,0.8,0.9954954954954955,0.997737556561086,0.75,0.8321995464852607
poker-8vs6.csv,borderline,Random Forest,1.0,0.9932432432432432,0.9966139954853273,0.625,0.6983012457531144
poker-8vs6.csv,borderline,XGBoost,1.0,0.9954954954954955,0.997737556561086,0.75,0.8321995464852607
poker-8vs6.csv,borderline,LightGBM,1.0,0.9932432432432432,0.9966139954853273,0.625,0.6983012457531144
shuttle.csv,Original,Random Forest,,0.9969278033794163,0.9986928104575163,0.9937694704049843,0.9962004670645365
shuttle.csv,Original,XGBoost,,0.9923195084485407,0.9917537446614727,0.9721356870889583,0.9816701100727142
shuttle.csv,Original,LightGBM,,0.9953917050691244,0.9980430528375734,0.9906542056074766,0.9942793092382178
shuttle.csv,smote,Random Forest,0.6,0.9969278033794163,0.9986928104575163,0.9937694704049843,0.9962004670645365
shuttle.csv,smote,XGBoost,0.6,0.9953917050691244,0.9980430528375734,0.9906542056074766,0.9942793092382178
shuttle.csv,smote,LightGBM,0.6,0.9953917050691244,0.9980430528375734,0.9906542056074766,0.9942793092382178
shuttle.csv,smote,Random Forest,0.8,1.0,1.0,1.0,1.0
shuttle.csv,smote,XGBoost,0.8,0.9953917050691244,0.9980430528375734,0.9906542056074766,0.9942793092382178
shuttle.csv,smote,LightGBM,0.8,0.9953917050691244,0.9980430528375734,0.9906542056074766,0.9942793092382178
shuttle.csv,smote,Random Forest,1.0,0.9984639016897081,0.9993451211525869,0.9968847352024922,0.9981072933833747
shuttle.csv,smote,XGBoost,1.0,0.9953917050691244,0.9980430528375734,0.9906542056074766,0.9942793092382178
shuttle.csv,smote,LightGBM,1.0,0.9953917050691244,0.9980430528375734,0.9906542056074766,0.9942793092382178
shuttle.csv,customsmote,Random Forest,0.6,0.9969278033794163,0.9986928104575163,0.9937694704049843,0.9962004670645365
shuttle.csv,customsmote,XGBoost,0.6,0.9923195084485407,0.9917537446614727,0.9721356870889583,0.9816701100727142
shuttle.csv,customsmote,LightGBM,0.6,0.9953917050691244,0.9980430528375734,0.9906542056074766,0.9942793092382178
shuttle.csv,customsmote,Random Forest,0.8,0.9984639016897081,0.9993451211525869,0.9968847352024922,0.9981072933833747
shuttle.csv,customsmote,XGBoost,0.8,0.9923195084485407,0.9917537446614727,0.9721356870889583,0.9816701100727142
shuttle.csv,customsmote,LightGBM,0.8,0.9953917050691244,0.9980430528375734,0.9906542056074766,0.9942793092382178
shuttle.csv,customsmote,Random Forest,1.0,1.0,1.0,1.0,1.0
shuttle.csv,customsmote,XGBoost,1.0,0.9923195084485407,0.9917537446614727,0.9721356870889583,0.9816701100727142
shuttle.csv,customsmote,LightGBM,1.0,0.9953917050691244,0.9980430528375734,0.9906542056074766,0.9942793092382178
shuttle.csv,adasyn,Random Forest,0.6,0.9953917050691244,0.9980430528375734,0.9906542056074766,0.9942793092382178
shuttle.csv,adasyn,XGBoost,0.6,0.9953917050691244,0.9980430528375734,0.9906542056074766,0.9942793092382178
shuttle.csv,adasyn,LightGBM,0.6,0.9953917050691244,0.9980430528375734,0.9906542056074766,0.9942793092382178
shuttle.csv,adasyn,Random Forest,0.8,0.9969278033794163,0.9986928104575163,0.9937694704049843,0.9962004670645365
shuttle.csv,adasyn,XGBoost,0.8,0.9953917050691244,0.9980430528375734,0.9906542056074766,0.9942793092382178
shuttle.csv,adasyn,LightGBM,0.8,0.9953917050691244,0.9980430528375734,0.9906542056074766,0.9942793092382178
shuttle.csv,adasyn,Random Forest,1.0,0.9953917050691244,0.9980430528375734,0.9906542056074766,0.9942793092382178
shuttle.csv,adasyn,XGBoost,1.0,1.0,1.0,1.0,1.0
shuttle.csv,adasyn,LightGBM,1.0,0.9953917050691244,0.9980430528375734,0.9906542056074766,0.9942793092382178
shuttle.csv,borderline,Random Forest,0.6,0.9969278033794163,0.9986928104575163,0.9937694704049843,0.9962004670645365
shuttle.csv,borderline,XGBoost,0.6,0.9923195084485407,0.9967511371020142,0.9721356870889583,0.9841044674341646
shuttle.csv,borderline,LightGBM,0.6,0.9953917050691244,0.9980430528375734,0.9906542056074766,0.9942793092382178
shuttle.csv,borderline,Random Forest,0.8,0.9969278033794163,0.9986928104575163,0.9937694704049843,0.9962004670645365
shuttle.csv,borderline,XGBoost,0.8,0.9953917050691244,0.9980430528375734,0.9906542056074766,0.9942793092382178
shuttle.csv,borderline,LightGBM,0.8,0.9953917050691244,0.9980430528375734,0.9906542056074766,0.9942793092382178
shuttle.csv,borderline,Random Forest,1.0,0.9953917050691244,0.9980430528375734,0.9906542056074766,0.9942793092382178
shuttle.csv,borderline,XGBoost,1.0,0.9953917050691244,0.9980430528375734,0.9906542056074766,0.9942793092382178
shuttle.csv,borderline,LightGBM,1.0,0.9953917050691244,0.9980430528375734,0.9906542056074766,0.9942793092382178
steel-plates-faults.csv,Original,Random Forest,,0.7975986277873071,0.8178015215437433,0.792937476008399,0.8041803979655819
steel-plates-faults.csv,Original,XGBoost,,0.8113207547169812,0.8259200335652658,0.8338238600841519,0.8285962626980179
steel-plates-faults.csv,Original,LightGBM,,0.8044596912521441,0.8114945307964562,0.8213753035326052,0.815736368645698
steel-plates-faults.csv,smote,Random Forest,0.6,0.7838765008576329,0.789698025541236,0.8004177612295481,0.7928180689138147
steel-plates-faults.csv,smote,XGBoost,0.6,0.8061749571183533,0.811903525601331,0.832238356256123,0.8196582240654398
steel-plates-faults.csv,smote,LightGBM,0.6,0.8164665523156089,0.8197959165144681,0.8219414778529324,0.820388400804229
steel-plates-faults.csv,smote,Random Forest,0.8,0.7684391080617495,0.7799091975538183,0.808792028407802,0.7887816025613842
steel-plates-faults.csv,smote,XGBoost,0.8,0.8181818181818182,0.8136678177969683,0.8460810151984497,0.8277081796500934
steel-plates-faults.csv,smote,LightGBM,0.8,0.8198970840480274,0.8152510052794006,0.8341407127265859,0.8232246417034764
steel-plates-faults.csv,smote,Random Forest,1.0,0.7787307032590052,0.7900692576187238,0.811819558677857,0.7967677142196951
steel-plates-faults.csv,smote,XGBoost,1.0,0.8061749571183533,0.7980939697058218,0.8455699721624897,0.8176295260475778
steel-plates-faults.csv,smote,LightGBM,1.0,0.8216123499142367,0.8083842417892698,0.8406447110079929,0.8218241266242368
steel-plates-faults.csv,customsmote,Random Forest,0.6,0.79073756432247,0.7968977458556177,0.8126652246398021,0.80235730004722
steel-plates-faults.csv,customsmote,XGBoost,0.6,0.8216123499142367,0.8390048716201893,0.834493361833388,0.8360673305259831
steel-plates-faults.csv,customsmote,LightGBM,0.6,0.8044596912521441,0.8155165003149055,0.8210379402384314,0.8171906611655135
steel-plates-faults.csv,customsmote,Random Forest,0.8,0.7873070325900514,0.7950276295342915,0.8122701970022497,0.8015091494651528
steel-plates-faults.csv,customsmote,XGBoost,0.8,0.8198970840480274,0.8350467817262482,0.8402341902486349,0.8368454329100061
steel-plates-faults.csv,customsmote,LightGBM,0.8,0.8181818181818182,0.8339190317242855,0.8343369081885622,0.8334961866542241
steel-plates-faults.csv,customsmote,Random Forest,1.0,0.7855917667238422,0.7892258418835981,0.8183081674920473,0.7988864098342509
steel-plates-faults.csv,customsmote,XGBoost,1.0,0.8198970840480274,0.826084384118267,0.8476793430426248,0.8347449560139548
steel-plates-faults.csv,customsmote,LightGBM,1.0,0.8181818181818182,0.8382310303782476,0.8335723098326016,0.8336719670841629
steel-plates-faults.csv,adasyn,Random Forest,0.8,0.7821612349914236,0.7664167158840661,0.8239302077486391,0.7888558693895921
steel-plates-faults.csv,adasyn,XGBoost,0.8,0.8010291595197255,0.7944118134318223,0.8364288618585888,0.8117559315079808
steel-plates-faults.csv,adasyn,LightGBM,0.8,0.8044596912521441,0.7986282416593065,0.8380573920585476,0.8147007286393733
steel-plates-faults.csv,adasyn,Random Forest,1.0,0.7804459691252144,0.7645156627690461,0.8291907072782415,0.7895959219846158
steel-plates-faults.csv,adasyn,XGBoost,1.0,0.8078902229845626,0.8009356466203856,0.83299319164551,0.8143948254387323
steel-plates-faults.csv,adasyn,LightGBM,1.0,0.8078902229845626,0.7974791889646357,0.8406547946559503,0.8148382954781059
steel-plates-faults.csv,borderline,Random Forest,0.6,0.7701543739279588,0.7764145317072518,0.7965995278432084,0.7834667860393978
steel-plates-faults.csv,borderline,XGBoost,0.6,0.7941680960548885,0.7854562240344769,0.8119521847241045,0.7962867722892583
steel-plates-faults.csv,borderline,LightGBM,0.6,0.8113207547169812,0.8116789727863719,0.8419283111288023,0.8242427761899901
steel-plates-faults.csv,borderline,Random Forest,0.8,0.7787307032590052,0.7889389298608466,0.8177087621584228,0.7978615516865573
steel-plates-faults.csv,borderline,XGBoost,0.8,0.7821612349914236,0.7779210587070634,0.8106986671084605,0.7905480136013802
steel-plates-faults.csv,borderline,LightGBM,0.8,0.8027444253859348,0.7920134866627472,0.8285710633861724,0.8074090556737332
steel-plates-faults.csv,borderline,Random Forest,1.0,0.7770154373927959,0.7846885885100628,0.8115850822805901,0.7943188704235172
steel-plates-faults.csv,borderline,XGBoost,1.0,0.7890222984562607,0.7811194245960683,0.8191885577412084,0.7960324851093171
steel-plates-faults.csv,borderline,LightGBM,1.0,0.8147512864493996,0.823186928205585,0.8389932569479008,0.8289381479737409
Student_performance.csv,Original,Random Forest,,0.9136490250696379,0.9024996472663138,0.8145731230606383,0.8416520442620834
Student_performance.csv,Original,XGBoost,,0.915041782729805,0.8848848900108186,0.8331659410038499,0.8552674858203091
Student_performance.csv,Original,LightGBM,,0.9233983286908078,0.9083561918518213,0.8499542427760458,0.8742012383360331
Student_performance.csv,smote,Random Forest,0.6,0.9164345403899722,0.8861608028376675,0.8402411261244265,0.8602381262267272
Student_performance.csv,smote,XGBoost,0.6,0.903899721448468,0.8770467084639499,0.8216780651871604,0.8437036260988325
Student_performance.csv,smote,LightGBM,0.6,0.9108635097493036,0.8892931625117736,0.8286155912875985,0.8518766059021179
Student_performance.csv,smote,Random Forest,0.8,0.9094707520891365,0.8839350335199392,0.8377226063198104,0.8576980629934535
Student_performance.csv,smote,XGBoost,0.8,0.8941504178272981,0.8514042952500576,0.8115241361723319,0.8277686106415064
Student_performance.csv,smote,LightGBM,0.8,0.9052924791086351,0.8780627193902644,0.8366321876573888,0.8541834907229919
Student_performance.csv,smote,Random Forest,1.0,0.9206128133704735,0.897860047098187,0.8512236427726554,0.8714960048792232
Student_performance.csv,smote,XGBoost,1.0,0.8983286908077994,0.8678028263681752,0.8211360883912361,0.8408634155688055
Student_performance.csv,smote,LightGBM,1.0,0.9052924791086351,0.8780110375947616,0.8240265910489921,0.8463098463541165
Student_performance.csv,customsmote,Random Forest,0.6,0.915041782729805,0.8900913135929267,0.8405280094728071,0.8615347034762818
Student_performance.csv,customsmote,XGBoost,0.6,0.9052924791086351,0.8575392376918781,0.8334959070502673,0.844476279445936
Student_performance.csv,customsmote,LightGBM,0.6,0.903899721448468,0.8805768126157936,0.8314710316351439,0.850159200977578
Student_performance.csv,customsmote,Random Forest,0.8,0.9206128133704735,0.897202617499555,0.8532415080953968,0.8722624937051082
Student_performance.csv,customsmote,XGBoost,0.8,0.9094707520891365,0.8867172570024595,0.8333882775469791,0.8539475282726816
Student_performance.csv,customsmote,LightGBM,0.8,0.9066852367688022,0.8659034859197838,0.828388277546979,0.8443002390689964
Student_performance.csv,customsmote,Random Forest,1.0,0.9136490250696379,0.8835272127100435,0.8449400056762473,0.8614552010961078
Student_performance.csv,customsmote,XGBoost,1.0,0.9066852367688022,0.8665368611013206,0.8336841482867632,0.8474215609399002
Student_performance.csv,customsmote,LightGBM,1.0,0.8955431754874652,0.856913628327424,0.8322718395616203,0.8421776631441116
Student_performance.csv,adasyn,Random Forest,0.6,0.915041782729805,0.8901571700298596,0.8391897799661285,0.8607833776243865
Student_performance.csv,adasyn,XGBoost,0.6,0.9066852367688022,0.8698714994682737,0.8327959910456016,0.8490500312411641
Student_performance.csv,adasyn,LightGBM,0.6,0.9094707520891365,0.8800225988700566,0.8323784031735946,0.8531931182401372
Student_performance.csv,adasyn,Random Forest,0.8,0.915041782729805,0.8772884342142653,0.841903278588718,0.8582622034455103
Student_performance.csv,adasyn,XGBoost,0.8,0.903899721448468,0.86965287136419,0.8287992773083724,0.8469675569414828
Student_performance.csv,adasyn,LightGBM,0.8,0.8997214484679665,0.860286946520989,0.825461429772664,0.8414531903342327
Student_performance.csv,adasyn,Random Forest,1.0,0.9164345403899722,0.8882413762999661,0.8476812840057608,0.8656889770249689
Student_performance.csv,adasyn,XGBoost,1.0,0.9011142061281338,0.8632667690732208,0.8286410655887266,0.8437414326126866
Student_performance.csv,adasyn,LightGBM,1.0,0.903899721448468,0.874037162367209,0.8240679133630415,0.8441580908718638
Student_performance.csv,borderline,Random Forest,0.6,0.9192200557103064,0.9022883982538291,0.8432232608016852,0.8677229944143028
Student_performance.csv,borderline,XGBoost,0.6,0.903899721448468,0.8688322708694166,0.8286318056864186,0.8464570343268305
Student_performance.csv,borderline,LightGBM,0.6,0.9011142061281338,0.8723075905736015,0.8293617512079342,0.8477299896160126
Student_performance.csv,borderline,Random Forest,0.8,0.9164345403899722,0.8979268163329251,0.8390703682397017,0.8634687090856483
Student_performance.csv,borderline,XGBoost,0.8,0.9011142061281338,0.8623067425182972,0.827756918541478,0.8434629967500669
Student_performance.csv,borderline,LightGBM,0.8,0.8913649025069638,0.8708303367308894,0.8148894909040599,0.836716761374565
Student_performance.csv,borderline,Random Forest,1.0,0.9206128133704735,0.9044770186764908,0.8476630367120492,0.8711123746367834
Student_performance.csv,borderline,XGBoost,1.0,0.903899721448468,0.8729798372045419,0.8250711996258125,0.8453078661908442
Student_performance.csv,borderline,LightGBM,1.0,0.9052924791086351,0.8771016139090524,0.8264785311534648,0.8468734265728852
thyroid.csv,Original,Random Forest,,0.9768518518518519,0.8760595647193585,0.9561947734536567,0.9128028161545458
thyroid.csv,Original,XGBoost,,0.9814814814814815,0.8838383838383838,0.9932318104906938,0.932944832944833
thyroid.csv,Original,LightGBM,,0.9768518518518519,0.8564102564102565,0.9561947734536567,0.9004713567642629
thyroid.csv,smote,Random Forest,0.6,0.9814814814814815,0.8838383838383838,0.9932318104906938,0.932944832944833
thyroid.csv,smote,XGBoost,0.6,0.9814814814814815,0.8863636363636364,0.9932318104906938,0.933089133089133
thyroid.csv,smote,LightGBM,0.6,0.9722222222222222,0.8762108262108262,0.9265651438240271,0.8946473326172574
thyroid.csv,smote,Random Forest,0.8,0.9814814814814815,0.8838383838383838,0.9932318104906938,0.932944832944833
thyroid.csv,smote,XGBoost,0.8,0.9814814814814815,0.8863636363636364,0.9932318104906938,0.933089133089133
thyroid.csv,smote,LightGBM,0.8,0.9722222222222222,0.8762108262108262,0.9265651438240271,0.8946473326172574
thyroid.csv,smote,Random Forest,1.0,0.9814814814814815,0.8838383838383838,0.9932318104906938,0.932944832944833
thyroid.csv,smote,XGBoost,1.0,0.9768518518518519,0.8611111111111112,0.9915397631133672,0.9177934319322493
thyroid.csv,smote,LightGBM,1.0,0.9722222222222222,0.8762108262108262,0.9265651438240271,0.8946473326172574
thyroid.csv,customsmote,Random Forest,0.6,0.9814814814814815,0.8838383838383838,0.9932318104906938,0.932944832944833
thyroid.csv,customsmote,XGBoost,0.6,0.9768518518518519,0.8989555418126848,0.9282571912013536,0.9097942056158207
thyroid.csv,customsmote,LightGBM,0.6,0.9722222222222222,0.8912201541643165,0.8912201541643165,0.8896606999732835
thyroid.csv,customsmote,Random Forest,0.8,0.9768518518518519,0.8611111111111112,0.9915397631133672,0.9177934319322493
thyroid.csv,customsmote,XGBoost,0.8,0.9768518518518519,0.8989555418126848,0.9282571912013536,0.9097942056158207
thyroid.csv,customsmote,LightGBM,0.8,0.9722222222222222,0.8912201541643165,0.8912201541643165,0.8896606999732835
thyroid.csv,customsmote,Random Forest,1.0,0.9768518518518519,0.8560606060606061,0.9598984771573603,0.9013431013431014
thyroid.csv,customsmote,XGBoost,1.0,0.9768518518518519,0.8989555418126848,0.9282571912013536,0.9097942056158207
thyroid.csv,customsmote,LightGBM,1.0,0.9722222222222222,0.8912201541643165,0.8912201541643165,0.8896606999732835
thyroid.csv,adasyn,Random Forest,0.6,0.9814814814814815,0.8838383838383838,0.9932318104906938,0.932944832944833
thyroid.csv,adasyn,XGBoost,0.6,0.9814814814814815,0.8863636363636364,0.9932318104906938,0.933089133089133
thyroid.csv,adasyn,LightGBM,0.6,0.9768518518518519,0.8671328671328671,0.9915397631133672,0.9192364333752508
thyroid.csv,adasyn,Random Forest,0.8,0.9861111111111112,0.9090909090909092,0.9949238578680203,0.9482361060366177
thyroid.csv,adasyn,XGBoost,0.8,0.9814814814814815,0.8863636363636364,0.9932318104906938,0.933089133089133
thyroid.csv,adasyn,LightGBM,0.8,0.9675925925925926,0.8421882281985908,0.9248730964467006,0.8697764478084844
thyroid.csv,adasyn,Random Forest,1.0,0.9814814814814815,0.8838383838383838,0.9932318104906938,0.932944832944833
thyroid.csv,adasyn,XGBoost,1.0,0.9814814814814815,0.8863636363636364,0.9932318104906938,0.933089133089133
thyroid.csv,adasyn,LightGBM,1.0,0.9768518518518519,0.8816151202749141,0.9598984771573603,0.9147850444525636
thyroid.csv,borderline,Random Forest,0.6,0.9814814814814815,0.8838383838383838,0.9932318104906938,0.932944832944833
thyroid.csv,borderline,XGBoost,0.6,0.9768518518518519,0.8816151202749141,0.9598984771573603,0.9147850444525636
thyroid.csv,borderline,LightGBM,0.6,0.9722222222222222,0.8623754483858111,0.9582064297800338,0.900932400932401
thyroid.csv,borderline,Random Forest,0.8,0.9768518518518519,0.8564102564102565,0.9561947734536567,0.9004713567642629
thyroid.csv,borderline,XGBoost,0.8,0.9814814814814815,0.8863636363636364,0.9932318104906938,0.933089133089133
thyroid.csv,borderline,LightGBM,0.8,0.9768518518518519,0.8816151202749141,0.9598984771573603,0.9147850444525636
thyroid.csv,borderline,Random Forest,1.0,0.9722222222222222,0.8693084693084693,0.9228614401203233,0.8946473326172574
thyroid.csv,borderline,XGBoost,1.0,0.9768518518518519,0.8671328671328671,0.9915397631133672,0.9192364333752508
thyroid.csv,borderline,LightGBM,1.0,0.9722222222222222,0.8623754483858111,0.9582064297800338,0.900932400932401
vowel0.csv,Original,Random Forest,,0.9764309764309764,0.9871794871794872,0.8870967741935484,0.9298701298701298
vowel0.csv,Original,XGBoost,,0.9797979797979798,0.9889705882352942,0.9032258064516129,0.9408523632501328
vowel0.csv,Original,LightGBM,,0.9831649831649831,0.974707912904939,0.9336041717196216,0.9529542214478062
vowel0.csv,smote,Random Forest,0.6,0.9865319865319865,0.977161605764282,0.9497332039776861,0.9629213483146067
vowel0.csv,smote,XGBoost,0.6,0.9932659932659933,0.9819912684938152,0.9819912684938152,0.9819912684938152
vowel0.csv,smote,LightGBM,0.6,0.9966329966329966,0.99812734082397,0.9838709677419355,0.9908651923845846
vowel0.csv,smote,Random Forest,0.8,0.9932659932659933,0.9962686567164178,0.967741935483871,0.9814606741573033
vowel0.csv,smote,XGBoost,0.8,0.98989898989899,0.9795880149812735,0.9658622362357506,0.9725955771537538
vowel0.csv,smote,LightGBM,0.8,0.9966329966329966,0.99812734082397,0.9838709677419355,0.9908651923845846
vowel0.csv,smote,Random Forest,1.0,0.98989898989899,0.9795880149812735,0.9658622362357506,0.9725955771537538
vowel0.csv,smote,XGBoost,1.0,0.9865319865319865,0.9639825369876303,0.9639825369876303,0.9639825369876303
vowel0.csv,smote,LightGBM,1.0,0.9797979797979798,0.9722222222222222,0.9174751394615571,0.9426788471435924
vowel0.csv,customsmote,Random Forest,0.6,0.98989898989899,0.9944237918215613,0.9516129032258065,0.9717725328686837
vowel0.csv,customsmote,XGBoost,0.6,0.9865319865319865,0.9639825369876303,0.9639825369876303,0.9639825369876303
vowel0.csv,customsmote,LightGBM,0.6,0.9966329966329966,0.99812734082397,0.9838709677419355,0.9908651923845846
vowel0.csv,customsmote,Random Forest,0.8,0.9797979797979798,0.9580545548121462,0.9317244724715013,0.9443820224719102
vowel0.csv,customsmote,XGBoost,0.8,0.9764309764309764,0.9549920339883166,0.9155954402134368,0.9341359100269285
vowel0.csv,customsmote,LightGBM,0.8,0.9932659932659933,0.9962686567164178,0.967741935483871,0.9814606741573033
vowel0.csv,customsmote,Random Forest,1.0,0.9865319865319865,0.977161605764282,0.9497332039776861,0.9629213483146067
vowel0.csv,customsmote,XGBoost,1.0,0.9865319865319865,0.977161605764282,0.9497332039776861,0.9629213483146067
vowel0.csv,customsmote,LightGBM,1.0,0.9966329966329966,0.99812734082397,0.9838709677419355,0.9908651923845846
vowel0.csv,adasyn,Random Forest,0.6,0.98989898989899,0.9944237918215613,0.9516129032258065,0.9717725328686837
vowel0.csv,adasyn,XGBoost,0.6,0.9932659932659933,0.9819912684938152,0.9819912684938152,0.9819912684938152
vowel0.csv,adasyn,LightGBM,0.6,0.9730639730639731,0.9671323529411764,0.885217074945428,0.9211364843335104
vowel0.csv,adasyn,Random Forest,0.8,0.9865319865319865,0.977161605764282,0.9497332039776861,0.9629213483146067
vowel0.csv,adasyn,XGBoost,0.8,0.98989898989899,0.9668632075471698,0.9801115692456949,0.973365617433414
vowel0.csv,adasyn,LightGBM,0.8,0.98989898989899,0.9944237918215613,0.9516129032258065,0.9717725328686837
vowel0.csv,adasyn,Random Forest,1.0,0.9865319865319865,0.977161605764282,0.9497332039776861,0.9629213483146067
vowel0.csv,adasyn,XGBoost,1.0,0.9865319865319865,0.9639825369876303,0.9639825369876303,0.9639825369876303
vowel0.csv,adasyn,LightGBM,1.0,0.9865319865319865,0.9925925925925926,0.935483870967742,0.9617858980957282
vowel0.csv,borderline,Random Forest,0.6,0.9966329966329966,0.99812734082397,0.9838709677419355,0.9908651923845846
vowel0.csv,borderline,XGBoost,0.6,0.9966329966329966,0.99812734082397,0.9838709677419355,0.9908651923845846
vowel0.csv,borderline,LightGBM,0.6,0.9966329966329966,0.99812734082397,0.9838709677419355,0.9908651923845846
vowel0.csv,borderline,Random Forest,0.8,0.9932659932659933,0.9962686567164178,0.967741935483871,0.9814606741573033
vowel0.csv,borderline,XGBoost,0.8,0.9932659932659933,0.9819912684938152,0.9819912684938152,0.9819912684938152
vowel0.csv,borderline,LightGBM,0.8,0.9966329966329966,0.99812734082397,0.9838709677419355,0.9908651923845846
vowel0.csv,borderline,Random Forest,1.0,0.9966329966329966,0.99812734082397,0.9838709677419355,0.9908651923845846
vowel0.csv,borderline,XGBoost,1.0,0.9932659932659933,0.9819912684938152,0.9819912684938152,0.9819912684938152
vowel0.csv,borderline,LightGBM,1.0,0.9865319865319865,0.9925925925925926,0.935483870967742,0.9617858980957282
whine.csv,Original,Random Forest,,0.8108843537414966,0.8615368371465933,0.6545970722344834,0.7089303327328184
whine.csv,Original,XGBoost,,0.8081632653061225,0.7979948064455108,0.6477988114095604,0.6918056520878887
whine.csv,Original,LightGBM,,0.8,0.8218681577185459,0.6440277344646747,0.6949211075874241
whine.csv,smote,Random Forest,0.6,0.8068027210884354,0.7242005934179702,0.6843897816394557,0.7021361876240394
whine.csv,smote,XGBoost,0.6,0.7945578231292517,0.6876378381051279,0.6730219808461113,0.6799959045265679
whine.csv,smote,LightGBM,0.6,0.8040816326530612,0.7376548930898076,0.6772384166198036,0.7022560504560079
whine.csv,smote,Random Forest,0.8,0.7945578231292517,0.6818401831189554,0.6898083342845528,0.6857220016167861
whine.csv,smote,XGBoost,0.8,0.791156462585034,0.6778703729192231,0.6744418313975485,0.6760511894893234
whine.csv,smote,LightGBM,0.8,0.7972789115646258,0.7212239098602735,0.6744284506070115,0.6943914797177735
whine.csv,smote,Random Forest,1.0,0.7884353741496599,0.6649243891458612,0.6905279234645483,0.6765645939610546
whine.csv,smote,XGBoost,1.0,0.7904761904761904,0.6837481967770574,0.6812475259949923,0.6823348048446425
whine.csv,smote,LightGBM,1.0,0.791156462585034,0.7172182341993664,0.6658721025809634,0.6867635744785915
whine.csv,customsmote,Random Forest,0.6,0.8142857142857143,0.8098108683753362,0.661040742110173,0.7082055107685344
whine.csv,customsmote,XGBoost,0.6,0.7972789115646258,0.7152922801959338,0.6543689312729222,0.678605674251506
whine.csv,customsmote,LightGBM,0.6,0.8020408163265306,0.8110552307210103,0.6532992114072058,0.7015167809536784
whine.csv,customsmote,Random Forest,0.8,0.8156462585034013,0.7678046960603737,0.6813551639868978,0.7136335536281889
whine.csv,customsmote,XGBoost,0.8,0.8013605442176871,0.7395050149775906,0.6646952605361286,0.6931652027555236
whine.csv,customsmote,LightGBM,0.8,0.810204081632653,0.8285438179910541,0.6553047673784458,0.7043535135417366
whine.csv,customsmote,Random Forest,1.0,0.8122448979591836,0.7688818479661351,0.6749114941112081,0.7079512378839302
whine.csv,customsmote,XGBoost,1.0,0.8068027210884354,0.7328643187459063,0.6835883451069119,0.7040828410380592
whine.csv,customsmote,LightGBM,1.0,0.8061224489795918,0.8129484980380157,0.6599992705800352,0.7061804282391124
whine.csv,adasyn,Random Forest,0.8,0.7877551020408163,0.6702497455547635,0.6923901593357836,0.6805246031746032
whine.csv,adasyn,XGBoost,0.8,0.7952380952380952,0.6917133843711696,0.7081008458904922,0.699483617796762
whine.csv,adasyn,LightGBM,0.8,0.7965986394557824,0.7155241467671479,0.6747830415562448,0.6923972398511085
whine.csv,adasyn,Random Forest,1.0,0.7775510204081633,0.6521181484751613,0.6906469396796996,0.6687919952933129
whine.csv,adasyn,XGBoost,1.0,0.7931972789115647,0.6673486367811781,0.6879505586768296,0.676801563289331
whine.csv,adasyn,LightGBM,1.0,0.7979591836734694,0.713926864552012,0.6915664214856779,0.7016522632094407
whine.csv,borderline,Random Forest,0.6,0.8027210884353742,0.7883537618335824,0.6547101414316183,0.6980672639296709
whine.csv,borderline,XGBoost,0.6,0.7979591836734694,0.728598875338414,0.667975860204297,0.6925259379745948
whine.csv,borderline,LightGBM,0.6,0.7965986394557824,0.7783206229529886,0.6640946875712846,0.7041335900584923
whine.csv,borderline,Random Forest,0.8,0.810204081632653,0.7816802691867126,0.6674055381423226,0.704371307140441
whine.csv,borderline,XGBoost,0.8,0.8040816326530612,0.7224012136954082,0.6746714591136139,0.6945782904521088
whine.csv,borderline,LightGBM,0.8,0.8061224489795918,0.8009649733772445,0.6599992705800352,0.7039631220864293
whine.csv,borderline,Random Forest,1.0,0.8,0.7967318037359816,0.6692885885766158,0.7084417822417132
whine.csv,borderline,XGBoost,1.0,0.7931972789115647,0.699073520326882,0.6779684130813278,0.6869892089696559
whine.csv,borderline,LightGBM,1.0,0.7965986394557824,0.7744873219472149,0.6615277300650949,0.6995198892044489
yeast.csv,Original,Random Forest,,0.5833333333333334,0.6108492268800817,0.5441142512730716,0.5620043889603638
yeast.csv,Original,XGBoost,,0.5833333333333334,0.6468761253897476,0.5758445210865744,0.5906184218012176
yeast.csv,Original,LightGBM,,0.581081081081081,0.519923763920314,0.5114350496704368,0.5113219189664363
yeast.csv,smote,Random Forest,0.6,0.5720720720720721,0.5332458326052468,0.5511111315502606,0.5390200708382527
yeast.csv,smote,XGBoost,0.6,0.545045045045045,0.5715587339706693,0.568483906116205,0.5655027641993954
yeast.csv,smote,LightGBM,0.6,0.5720720720720721,0.5658150491483824,0.568198546884048,0.5628055852627889
yeast.csv,smote,Random Forest,0.8,0.5653153153153153,0.5441917065505337,0.5797209755275771,0.5582555555258125
yeast.csv,smote,XGBoost,0.8,0.5608108108108109,0.5832469741494095,0.5914617640299848,0.5862035773977471
yeast.csv,smote,LightGBM,0.8,0.5698198198198198,0.5789988611648011,0.5961811171353145,0.5847755461911059
yeast.csv,smote,Random Forest,1.0,0.5788288288288288,0.5322171081191867,0.5801426875070695,0.5503009569126314
yeast.csv,smote,XGBoost,1.0,0.5495495495495496,0.5132015991941644,0.5637305477896333,0.5322863748454697
yeast.csv,smote,LightGBM,1.0,0.5563063063063063,0.5306527667727146,0.5808211333095634,0.5518034269393431
yeast.csv,customsmote,Random Forest,0.6,0.5923423423423423,0.5492710023826819,0.5774362349698676,0.5599018932352267
yeast.csv,customsmote,XGBoost,0.6,0.5698198198198198,0.5460248405968939,0.5797701834863895,0.559494778723661
yeast.csv,customsmote,LightGBM,0.6,0.5675675675675675,0.5515633486064427,0.5814398715594861,0.5637087991628054
yeast.csv,customsmote,Random Forest,0.8,0.5653153153153153,0.5468225190625441,0.5798434431674011,0.5595576447840259
yeast.csv,customsmote,XGBoost,0.8,0.5337837837837838,0.5130691701024183,0.5546843601906168,0.5288853924055539
yeast.csv,customsmote,LightGBM,0.8,0.545045045045045,0.5081711650094062,0.5578725024659952,0.5277738329718512
yeast.csv,customsmote,Random Forest,1.0,0.5518018018018018,0.5253345819524305,0.5665194783691736,0.5408529371516826
yeast.csv,customsmote,XGBoost,1.0,0.5427927927927928,0.5181314961206266,0.5652176227012805,0.5353588830303893
yeast.csv,customsmote,LightGBM,1.0,0.5540540540540541,0.5111349658628853,0.5615025142021234,0.5322254900434525
yeast.csv,borderline,Random Forest,0.6,0.5833333333333334,0.5955740469888744,0.5108140632047724,0.5158091922480138
yeast.csv,borderline,XGBoost,0.6,0.5608108108108109,0.5821630990676485,0.5568629331439721,0.5641708210713975
yeast.csv,borderline,LightGBM,0.6,0.5608108108108109,0.5007064924370768,0.5056572523177757,0.5025195657856849
yeast.csv,borderline,Random Forest,0.8,0.5900900900900901,0.6100439703067989,0.5273036148358077,0.531616506537125
yeast.csv,borderline,XGBoost,0.8,0.5540540540540541,0.5707912457912457,0.539953893178396,0.548861144203757
yeast.csv,borderline,LightGBM,0.8,0.5585585585585585,0.51563039357157,0.5157712486240016,0.5129343683909112
yeast.csv,borderline,Random Forest,1.0,0.5923423423423423,0.6310999269297829,0.5509920924758555,0.5526994444445656
yeast.csv,borderline,XGBoost,1.0,0.5608108108108109,0.566057760347861,0.5424847169166802,0.5481030772351944
yeast.csv,borderline,LightGBM,1.0,0.5608108108108109,0.4971511556492586,0.5054181478172427,0.496705651870361
